filename,makam,form,usul,title,composer,midi_path,processed_filename
rast--seyir--senginsemai--1--erol_bingol.mid,rast,seyir,senginsemai,1,erol bingol,/Users/mohammadashraf/Desktop/Thesis-Best/datasets/SymbTr/midi/rast--seyir--senginsemai--1--erol_bingol.mid,symbtr_000_rast_seyir.mid
neva--seyir--sofyan--1--sefik_gurmeric.mid,neva,seyir,sofyan,1,sefik gurmeric,/Users/mohammadashraf/Desktop/Thesis-Best/datasets/SymbTr/midi/neva--seyir--sofyan--1--sefik_gurmeric.mid,symbtr_001_neva_seyir.mid
sababuselik--kupe--aksak--bak_sabada--ahmet_avni_konuk.mid,sababuselik,kupe,aksak,bak sabada,ahmet avni konuk,/Users/mohammadashraf/Desktop/Thesis-Best/datasets/SymbTr/midi/sababuselik--kupe--aksak--bak_sabada--ahmet_avni_konuk.mid,symbtr_002_sababuselik_kupe.mid
rast--sarki--semai--gecsin_gunler--erol_sayan.mid,rast,sarki,semai,gecsin gunler,erol sayan,/Users/mohammadashraf/Desktop/Thesis-Best/datasets/SymbTr/midi/rast--sarki--semai--gecsin_gunler--erol_sayan.mid,symbtr_003_rast_sarki.mid
suzidilara--kupe--devrirevanihindi--mitriba_meclisde--ahmet_avni_konuk.mid,suzidilara,kupe,devrirevanihindi,mitriba meclisde,ahmet avni konuk,/Users/mohammadashraf/Desktop/Thesis-Best/datasets/SymbTr/midi/suzidilara--kupe--devrirevanihindi--mitriba_meclisde--ahmet_avni_konuk.mid,symbtr_004_suzidilara_kupe.mid
hicaz--turku--raksaksagi--entarisi_ala--istanbul.mid,hicaz,turku,raksaksagi,entarisi ala,istanbul,/Users/mohammadashraf/Desktop/Thesis-Best/datasets/SymbTr/midi/hicaz--turku--raksaksagi--entarisi_ala--istanbul.mid,symbtr_005_hicaz_turku.mid
rast--karsilama--ciftesofyan--tekirdag_karsilamasi--.mid,rast,karsilama,ciftesofyan,tekirdag karsilamasi,,/Users/mohammadashraf/Desktop/Thesis-Best/datasets/SymbTr/midi/rast--karsilama--ciftesofyan--tekirdag_karsilamasi--.mid,symbtr_006_rast_karsilama.mid
hicaz_uzzal--seyir--senginsemai--1--erol_bingol.mid,hicaz_uzzal,seyir,senginsemai,1,erol bingol,/Users/mohammadashraf/Desktop/Thesis-Best/datasets/SymbTr/midi/hicaz_uzzal--seyir--senginsemai--1--erol_bingol.mid,symbtr_007_hicaz_uzzal_seyir.mid
mahur--sarki--sofyan--gordum_bugun--dede_efendi.mid,mahur,sarki,sofyan,gordum bugun,dede efendi,/Users/mohammadashraf/Desktop/Thesis-Best/datasets/SymbTr/midi/mahur--sarki--sofyan--gordum_bugun--dede_efendi.mid,symbtr_008_mahur_sarki.mid
nisabur--kupe--musemmen--bezm-i--ahmet_avni_konuk.mid,nisabur,kupe,musemmen,bezm-i,ahmet avni konuk,/Users/mohammadashraf/Desktop/Thesis-Best/datasets/SymbTr/midi/nisabur--kupe--musemmen--bezm-i--ahmet_avni_konuk.mid,symbtr_009_nisabur_kupe.mid
huzi--turku--aksak--ayva_dibi--.mid,huzi,turku,aksak,ayva dibi,,/Users/mohammadashraf/Desktop/Thesis-Best/datasets/SymbTr/midi/huzi--turku--aksak--ayva_dibi--.mid,symbtr_010_huzi_turku.mid
ussak--ilahi--sofyan--askinla_cak--haci_nafiz_bey.mid,ussak,ilahi,sofyan,askinla cak,haci nafiz bey,/Users/mohammadashraf/Desktop/Thesis-Best/datasets/SymbTr/midi/ussak--ilahi--sofyan--askinla_cak--haci_nafiz_bey.mid,symbtr_011_ussak_ilahi.mid
beyati--sarki--yuruksemai_ii--uzulme_bir--omer_sami_gupgup.mid,beyati,sarki,yuruksemai_ii,uzulme bir,omer sami gupgup,/Users/mohammadashraf/Desktop/Thesis-Best/datasets/SymbTr/midi/beyati--sarki--yuruksemai_ii--uzulme_bir--omer_sami_gupgup.mid,symbtr_012_beyati_sarki.mid
zirefkend--pesrev--darbifetih----gazi_giray_han.mid,zirefkend,pesrev,darbifetih,,gazi giray han,/Users/mohammadashraf/Desktop/Thesis-Best/datasets/SymbTr/midi/zirefkend--pesrev--darbifetih----gazi_giray_han.mid,symbtr_013_zirefkend_pesrev.mid
segah--sarki--murekkepnimsofyan--olursem_yaziktir--hayri_yenigun.mid,segah,sarki,murekkepnimsofyan,olursem yaziktir,hayri yenigun,/Users/mohammadashraf/Desktop/Thesis-Best/datasets/SymbTr/midi/segah--sarki--murekkepnimsofyan--olursem_yaziktir--hayri_yenigun.mid,symbtr_014_segah_sarki.mid
acembuselik--sarki--aksak--coktan_idim--kemenceci_usta_yani.mid,acembuselik,sarki,aksak,coktan idim,kemenceci usta yani,/Users/mohammadashraf/Desktop/Thesis-Best/datasets/SymbTr/midi/acembuselik--sarki--aksak--coktan_idim--kemenceci_usta_yani.mid,symbtr_015_acembuselik_sarki.mid
hicaz--rumeliturkusu--sofyan--gemi_kalkar--rumeli.mid,hicaz,rumeliturkusu,sofyan,gemi kalkar,rumeli,/Users/mohammadashraf/Desktop/Thesis-Best/datasets/SymbTr/midi/hicaz--rumeliturkusu--sofyan--gemi_kalkar--rumeli.mid,symbtr_016_hicaz_rumeliturkusu.mid
sevk_icedid--kupe--musemmen--kesme_mutrib--ahmet_avni_konuk.mid,sevk_icedid,kupe,musemmen,kesme mutrib,ahmet avni konuk,/Users/mohammadashraf/Desktop/Thesis-Best/datasets/SymbTr/midi/sevk_icedid--kupe--musemmen--kesme_mutrib--ahmet_avni_konuk.mid,symbtr_017_sevk_icedid_kupe.mid
evicbuselik--kupe--aksak--o_mah-i--ahmet_avni_konuk.mid,evicbuselik,kupe,aksak,o mah-i,ahmet avni konuk,/Users/mohammadashraf/Desktop/Thesis-Best/datasets/SymbTr/midi/evicbuselik--kupe--aksak--o_mah-i--ahmet_avni_konuk.mid,symbtr_018_evicbuselik_kupe.mid
mahur--sarki--aksak--alamam_dogrusu--serif_icli.mid,mahur,sarki,aksak,alamam dogrusu,serif icli,/Users/mohammadashraf/Desktop/Thesis-Best/datasets/SymbTr/midi/mahur--sarki--aksak--alamam_dogrusu--serif_icli.mid,symbtr_019_mahur_sarki.mid
neva_kurdi--kupe--musemmen--bir_usul--ahmet_avni_konuk.mid,neva_kurdi,kupe,musemmen,bir usul,ahmet avni konuk,/Users/mohammadashraf/Desktop/Thesis-Best/datasets/SymbTr/midi/neva_kurdi--kupe--musemmen--bir_usul--ahmet_avni_konuk.mid,symbtr_020_neva_kurdi_kupe.mid
hicazkar--pesrev--berefsan----gazi_giray_han.mid,hicazkar,pesrev,berefsan,,gazi giray han,/Users/mohammadashraf/Desktop/Thesis-Best/datasets/SymbTr/midi/hicazkar--pesrev--berefsan----gazi_giray_han.mid,symbtr_021_hicazkar_pesrev.mid
beyati--agirsemai--agir_aksaksemai--soylen_ol--bolahenk_nuri_bey.mid,beyati,agirsemai,agir_aksaksemai,soylen ol,bolahenk nuri bey,/Users/mohammadashraf/Desktop/Thesis-Best/datasets/SymbTr/midi/beyati--agirsemai--agir_aksaksemai--soylen_ol--bolahenk_nuri_bey.mid,symbtr_022_beyati_agirsemai.mid
hicazbuselik--kupe--aksak--pek_hararet--ahmet_avni_konuk.mid,hicazbuselik,kupe,aksak,pek hararet,ahmet avni konuk,/Users/mohammadashraf/Desktop/Thesis-Best/datasets/SymbTr/midi/hicazbuselik--kupe--aksak--pek_hararet--ahmet_avni_konuk.mid,symbtr_023_hicazbuselik_kupe.mid
mahur--agirsemai--aksaksemai--cihani_lal-i--itri.mid,mahur,agirsemai,aksaksemai,cihani lal-i,itri,/Users/mohammadashraf/Desktop/Thesis-Best/datasets/SymbTr/midi/mahur--agirsemai--aksaksemai--cihani_lal-i--itri.mid,symbtr_024_mahur_agirsemai.mid
rahatfeza--kupe--agirevfer--etse_agaze--ahmet_avni_konuk.mid,rahatfeza,kupe,agirevfer,etse agaze,ahmet avni konuk,/Users/mohammadashraf/Desktop/Thesis-Best/datasets/SymbTr/midi/rahatfeza--kupe--agirevfer--etse_agaze--ahmet_avni_konuk.mid,symbtr_025_rahatfeza_kupe.mid
tahir--turku--devrituran--asagidan_gelir--sivas.mid,tahir,turku,devrituran,asagidan gelir,sivas,/Users/mohammadashraf/Desktop/Thesis-Best/datasets/SymbTr/midi/tahir--turku--devrituran--asagidan_gelir--sivas.mid,symbtr_026_tahir_turku.mid
gerdaniye--turku--raksaksagi--penceresi_yesil--konya.mid,gerdaniye,turku,raksaksagi,penceresi yesil,konya,/Users/mohammadashraf/Desktop/Thesis-Best/datasets/SymbTr/midi/gerdaniye--turku--raksaksagi--penceresi_yesil--konya.mid,symbtr_027_gerdaniye_turku.mid
beyati--sazsemaisi--aksaksemai----nayi_osman_dede.mid,beyati,sazsemaisi,aksaksemai,,nayi osman dede,/Users/mohammadashraf/Desktop/Thesis-Best/datasets/SymbTr/midi/beyati--sazsemaisi--aksaksemai----nayi_osman_dede.mid,symbtr_028_beyati_sazsemaisi.mid
segah--aranagme--yuruksemai_ii--1--.mid,segah,aranagme,yuruksemai_ii,1,,/Users/mohammadashraf/Desktop/Thesis-Best/datasets/SymbTr/midi/segah--aranagme--yuruksemai_ii--1--.mid,symbtr_029_segah_aranagme.mid
saba--aranagme--senginsemai--1--.mid,saba,aranagme,senginsemai,1,,/Users/mohammadashraf/Desktop/Thesis-Best/datasets/SymbTr/midi/saba--aranagme--senginsemai--1--.mid,symbtr_030_saba_aranagme.mid
rehavi--beste--remel--zannetme_ben--numan_aga.mid,rehavi,beste,remel,zannetme ben,numan aga,/Users/mohammadashraf/Desktop/Thesis-Best/datasets/SymbTr/midi/rehavi--beste--remel--zannetme_ben--numan_aga.mid,symbtr_031_rehavi_beste.mid
yegah--agirsemai--aksaksemai--piyale_elde--dellalzade_haci_ismail_efendi.mid,yegah,agirsemai,aksaksemai,piyale elde,dellalzade haci ismail efendi,/Users/mohammadashraf/Desktop/Thesis-Best/datasets/SymbTr/midi/yegah--agirsemai--aksaksemai--piyale_elde--dellalzade_haci_ismail_efendi.mid,symbtr_032_yegah_agirsemai.mid
beyatibuselik--kupe--agiraksak--bir_beyatibuselik--ahmet_avni_konuk.mid,beyatibuselik,kupe,agiraksak,bir beyatibuselik,ahmet avni konuk,/Users/mohammadashraf/Desktop/Thesis-Best/datasets/SymbTr/midi/beyatibuselik--kupe--agiraksak--bir_beyatibuselik--ahmet_avni_konuk.mid,symbtr_033_beyatibuselik_kupe.mid
yeni_cargah--destan--turkaksagi--bir_gemi--.mid,yeni_cargah,destan,turkaksagi,bir gemi,,/Users/mohammadashraf/Desktop/Thesis-Best/datasets/SymbTr/midi/yeni_cargah--destan--turkaksagi--bir_gemi--.mid,symbtr_034_yeni_cargah_destan.mid
sedaraban--sarki--duyek--gozumden_gonlumden--dede_efendi.mid,sedaraban,sarki,duyek,gozumden gonlumden,dede efendi,/Users/mohammadashraf/Desktop/Thesis-Best/datasets/SymbTr/midi/sedaraban--sarki--duyek--gozumden_gonlumden--dede_efendi.mid,symbtr_035_sedaraban_sarki.mid
sivenuma--beste--devrirevan--bir_goruste--abdulhalim_aga.mid,sivenuma,beste,devrirevan,bir goruste,abdulhalim aga,/Users/mohammadashraf/Desktop/Thesis-Best/datasets/SymbTr/midi/sivenuma--beste--devrirevan--bir_goruste--abdulhalim_aga.mid,symbtr_036_sivenuma_beste.mid
nisaburek--sarki--turkaksagi--bir_soz_dedi--munir_nurettin_selcuk.mid,nisaburek,sarki,turkaksagi,bir soz dedi,munir nurettin selcuk,/Users/mohammadashraf/Desktop/Thesis-Best/datasets/SymbTr/midi/nisaburek--sarki--turkaksagi--bir_soz_dedi--munir_nurettin_selcuk.mid,symbtr_037_nisaburek_sarki.mid
sazkar--agirsemai--aksaksemai--nice_bir--ilya_efendi.mid,sazkar,agirsemai,aksaksemai,nice bir,ilya efendi,/Users/mohammadashraf/Desktop/Thesis-Best/datasets/SymbTr/midi/sazkar--agirsemai--aksaksemai--nice_bir--ilya_efendi.mid,symbtr_038_sazkar_agirsemai.mid
buselik--agirsemai--agir_aksaksemai--soyle_ey_nalem--ahmed_irsoy.mid,buselik,agirsemai,agir_aksaksemai,soyle ey nalem,ahmed irsoy,/Users/mohammadashraf/Desktop/Thesis-Best/datasets/SymbTr/midi/buselik--agirsemai--agir_aksaksemai--soyle_ey_nalem--ahmed_irsoy.mid,symbtr_039_buselik_agirsemai.mid
suzidil--kupe--aksaksemai--yandi--ahmet_avni_konuk.mid,suzidil,kupe,aksaksemai,yandi,ahmet avni konuk,/Users/mohammadashraf/Desktop/Thesis-Best/datasets/SymbTr/midi/suzidil--kupe--aksaksemai--yandi--ahmet_avni_konuk.mid,symbtr_040_suzidil_kupe.mid
hicazkarkurdi--seyir--semai--1--rauf_yekta.mid,hicazkarkurdi,seyir,semai,1,rauf yekta,/Users/mohammadashraf/Desktop/Thesis-Best/datasets/SymbTr/midi/hicazkarkurdi--seyir--semai--1--rauf_yekta.mid,symbtr_041_hicazkarkurdi_seyir.mid
yegah--sarki--duyek--ay_buyurken--alaeddin_yavasca.mid,yegah,sarki,duyek,ay buyurken,alaeddin yavasca,/Users/mohammadashraf/Desktop/Thesis-Best/datasets/SymbTr/midi/yegah--sarki--duyek--ay_buyurken--alaeddin_yavasca.mid,symbtr_042_yegah_sarki.mid
acemkurdi--aranagme--senginsemai--1--.mid,acemkurdi,aranagme,senginsemai,1,,/Users/mohammadashraf/Desktop/Thesis-Best/datasets/SymbTr/midi/acemkurdi--aranagme--senginsemai--1--.mid,symbtr_043_acemkurdi_aranagme.mid
ussak--pesrev--cenber----zurnazen_ibrahim_aga.mid,ussak,pesrev,cenber,,zurnazen ibrahim aga,/Users/mohammadashraf/Desktop/Thesis-Best/datasets/SymbTr/midi/ussak--pesrev--cenber----zurnazen_ibrahim_aga.mid,symbtr_044_ussak_pesrev.mid
nihavent--sarki--semai--bekledim_de--yesari_asim_arsoy.mid,nihavent,sarki,semai,bekledim de,yesari asim arsoy,/Users/mohammadashraf/Desktop/Thesis-Best/datasets/SymbTr/midi/nihavent--sarki--semai--bekledim_de--yesari_asim_arsoy.mid,symbtr_045_nihavent_sarki.mid
nihavent--sarki--senginsemai--bir_gun--musa_sureyya_bey.mid,nihavent,sarki,senginsemai,bir gun,musa sureyya bey,/Users/mohammadashraf/Desktop/Thesis-Best/datasets/SymbTr/midi/nihavent--sarki--senginsemai--bir_gun--musa_sureyya_bey.mid,symbtr_046_nihavent_sarki.mid
hisarbuselik--aranagme--turkaksagi--1--.mid,hisarbuselik,aranagme,turkaksagi,1,,/Users/mohammadashraf/Desktop/Thesis-Best/datasets/SymbTr/midi/hisarbuselik--aranagme--turkaksagi--1--.mid,symbtr_047_hisarbuselik_aranagme.mid
suzinak_zirgule--sarki--curcuna--benim_yarem--latif_aga.mid,suzinak_zirgule,sarki,curcuna,benim yarem,latif aga,/Users/mohammadashraf/Desktop/Thesis-Best/datasets/SymbTr/midi/suzinak_zirgule--sarki--curcuna--benim_yarem--latif_aga.mid,symbtr_048_suzinak_zirgule_sarki.mid
ferahfeza--beste--firengifer--ey_kasi--dede_efendi.mid,ferahfeza,beste,firengifer,ey kasi,dede efendi,/Users/mohammadashraf/Desktop/Thesis-Best/datasets/SymbTr/midi/ferahfeza--beste--firengifer--ey_kasi--dede_efendi.mid,symbtr_049_ferahfeza_beste.mid
bendihisar--kupe--yuruksemai_ii--her_makamin--ahmet_avni_konuk.mid,bendihisar,kupe,yuruksemai_ii,her makamin,ahmet avni konuk,/Users/mohammadashraf/Desktop/Thesis-Best/datasets/SymbTr/midi/bendihisar--kupe--yuruksemai_ii--her_makamin--ahmet_avni_konuk.mid,symbtr_050_bendihisar_kupe.mid
nihavendirumi--kupe--devrirevanihindi--nesesi_rumi--ahmet_avni_konuk.mid,nihavendirumi,kupe,devrirevanihindi,nesesi rumi,ahmet avni konuk,/Users/mohammadashraf/Desktop/Thesis-Best/datasets/SymbTr/midi/nihavendirumi--kupe--devrirevanihindi--nesesi_rumi--ahmet_avni_konuk.mid,symbtr_051_nihavendirumi_kupe.mid
muhayyer--turku--duyek--sari_kizin--kirsehir.mid,muhayyer,turku,duyek,sari kizin,kirsehir,/Users/mohammadashraf/Desktop/Thesis-Best/datasets/SymbTr/midi/muhayyer--turku--duyek--sari_kizin--kirsehir.mid,symbtr_052_muhayyer_turku.mid
muhayyersunbule--sarki--sarkidevrirevani--ey_nihal-i--ahmed_aga.mid,muhayyersunbule,sarki,sarkidevrirevani,ey nihal-i,ahmed aga,/Users/mohammadashraf/Desktop/Thesis-Best/datasets/SymbTr/midi/muhayyersunbule--sarki--sarkidevrirevani--ey_nihal-i--ahmed_aga.mid,symbtr_053_muhayyersunbule_sarki.mid
sevkefza--sarki--semai--geldik_gidiyoruz--omer_dilek.mid,sevkefza,sarki,semai,geldik gidiyoruz,omer dilek,/Users/mohammadashraf/Desktop/Thesis-Best/datasets/SymbTr/midi/sevkefza--sarki--semai--geldik_gidiyoruz--omer_dilek.mid,symbtr_054_sevkefza_sarki.mid
acem--ilahi--duyek--aldanma_dunya--zekai_dede.mid,acem,ilahi,duyek,aldanma dunya,zekai dede,/Users/mohammadashraf/Desktop/Thesis-Best/datasets/SymbTr/midi/acem--ilahi--duyek--aldanma_dunya--zekai_dede.mid,symbtr_055_acem_ilahi.mid
ruyidilara--sazsemaisi--aksaksemai----erzurumlu_hasib_dede.mid,ruyidilara,sazsemaisi,aksaksemai,,erzurumlu hasib dede,/Users/mohammadashraf/Desktop/Thesis-Best/datasets/SymbTr/midi/ruyidilara--sazsemaisi--aksaksemai----erzurumlu_hasib_dede.mid,symbtr_056_ruyidilara_sazsemaisi.mid
hicaz--sarki--semai--degdi_saclarima--bekirof.mid,hicaz,sarki,semai,degdi saclarima,bekirof,/Users/mohammadashraf/Desktop/Thesis-Best/datasets/SymbTr/midi/hicaz--sarki--semai--degdi_saclarima--bekirof.mid,symbtr_057_hicaz_sarki.mid
muhayyer--sazsemaisi--aksaksemai----tanburi_cemil_bey.mid,muhayyer,sazsemaisi,aksaksemai,,tanburi cemil bey,/Users/mohammadashraf/Desktop/Thesis-Best/datasets/SymbTr/midi/muhayyer--sazsemaisi--aksaksemai----tanburi_cemil_bey.mid,symbtr_058_muhayyer_sazsemaisi.mid
huseyni--sarki--turkaksagi--hicran_oku--sevki_bey.mid,huseyni,sarki,turkaksagi,hicran oku,sevki bey,/Users/mohammadashraf/Desktop/Thesis-Best/datasets/SymbTr/midi/huseyni--sarki--turkaksagi--hicran_oku--sevki_bey.mid,symbtr_059_huseyni_sarki.mid
segah--turku--aksak--yarim_istanbulu--kayseri.mid,segah,turku,aksak,yarim istanbulu,kayseri,/Users/mohammadashraf/Desktop/Thesis-Best/datasets/SymbTr/midi/segah--turku--aksak--yarim_istanbulu--kayseri.mid,symbtr_060_segah_turku.mid
mahur--sarki--agiraksak--sen_gul--tanburi_cemil_bey.mid,mahur,sarki,agiraksak,sen gul,tanburi cemil bey,/Users/mohammadashraf/Desktop/Thesis-Best/datasets/SymbTr/midi/mahur--sarki--agiraksak--sen_gul--tanburi_cemil_bey.mid,symbtr_061_mahur_sarki.mid
nihavent--sarki--agiraksak--akibet_viran--numan_aga.mid,nihavent,sarki,agiraksak,akibet viran,numan aga,/Users/mohammadashraf/Desktop/Thesis-Best/datasets/SymbTr/midi/nihavent--sarki--agiraksak--akibet_viran--numan_aga.mid,symbtr_062_nihavent_sarki.mid
arazbar--seyir--duyek--1--sefik_gurmeric.mid,arazbar,seyir,duyek,1,sefik gurmeric,/Users/mohammadashraf/Desktop/Thesis-Best/datasets/SymbTr/midi/arazbar--seyir--duyek--1--sefik_gurmeric.mid,symbtr_063_arazbar_seyir.mid
gerdaniye--turku--aksak--salina_salina--denizli.mid,gerdaniye,turku,aksak,salina salina,denizli,/Users/mohammadashraf/Desktop/Thesis-Best/datasets/SymbTr/midi/gerdaniye--turku--aksak--salina_salina--denizli.mid,symbtr_064_gerdaniye_turku.mid
mahur--tavsanca--aksak--nazar_etti--tanburi_mustafa_cavus.mid,mahur,tavsanca,aksak,nazar etti,tanburi mustafa cavus,/Users/mohammadashraf/Desktop/Thesis-Best/datasets/SymbTr/midi/mahur--tavsanca--aksak--nazar_etti--tanburi_mustafa_cavus.mid,symbtr_065_mahur_tavsanca.mid
nihavent--sarki--duyek--askimin_ilk--arif_sami_toker.mid,nihavent,sarki,duyek,askimin ilk,arif sami toker,/Users/mohammadashraf/Desktop/Thesis-Best/datasets/SymbTr/midi/nihavent--sarki--duyek--askimin_ilk--arif_sami_toker.mid,symbtr_066_nihavent_sarki.mid
peykinesat--pesrev--yuruksemai_ii----nefiri_behram_aga.mid,peykinesat,pesrev,yuruksemai_ii,,nefiri behram aga,/Users/mohammadashraf/Desktop/Thesis-Best/datasets/SymbTr/midi/peykinesat--pesrev--yuruksemai_ii----nefiri_behram_aga.mid,symbtr_067_peykinesat_pesrev.mid
kurdilihicazkar--sarki--aksak--her_gece--bimen_sen.mid,kurdilihicazkar,sarki,aksak,her gece,bimen sen,/Users/mohammadashraf/Desktop/Thesis-Best/datasets/SymbTr/midi/kurdilihicazkar--sarki--aksak--her_gece--bimen_sen.mid,symbtr_068_kurdilihicazkar_sarki.mid
nihavent--sarki--aksak--seni_tenhada--ismet_aga.mid,nihavent,sarki,aksak,seni tenhada,ismet aga,/Users/mohammadashraf/Desktop/Thesis-Best/datasets/SymbTr/midi/nihavent--sarki--aksak--seni_tenhada--ismet_aga.mid,symbtr_069_nihavent_sarki.mid
hicaz--mandra--devrituran_ii----lavtaci_andon.mid,hicaz,mandra,devrituran_ii,,lavtaci andon,/Users/mohammadashraf/Desktop/Thesis-Best/datasets/SymbTr/midi/hicaz--mandra--devrituran_ii----lavtaci_andon.mid,symbtr_070_hicaz_mandra.mid
nihavendikebir--seyir--sofyan--1--sefik_gurmeric.mid,nihavendikebir,seyir,sofyan,1,sefik gurmeric,/Users/mohammadashraf/Desktop/Thesis-Best/datasets/SymbTr/midi/nihavendikebir--seyir--sofyan--1--sefik_gurmeric.mid,symbtr_071_nihavendikebir_seyir.mid
huseyni--agirsemai--aksaksemai--acildi_gonce-i--komurcuzade_hafiz_mehmet_efendi.mid,huseyni,agirsemai,aksaksemai,acildi gonce-i,komurcuzade hafiz mehmet efendi,/Users/mohammadashraf/Desktop/Thesis-Best/datasets/SymbTr/midi/huseyni--agirsemai--aksaksemai--acildi_gonce-i--komurcuzade_hafiz_mehmet_efendi.mid,symbtr_072_huseyni_agirsemai.mid
acemasiran--sarki--kapali_curcuna--gam_cekme--arif_sami_toker.mid,acemasiran,sarki,kapali_curcuna,gam cekme,arif sami toker,/Users/mohammadashraf/Desktop/Thesis-Best/datasets/SymbTr/midi/acemasiran--sarki--kapali_curcuna--gam_cekme--arif_sami_toker.mid,symbtr_073_acemasiran_sarki.mid
rast--sarki--sofyan--acilan_bir--dramali_hasan_hasguler.mid,rast,sarki,sofyan,acilan bir,dramali hasan hasguler,/Users/mohammadashraf/Desktop/Thesis-Best/datasets/SymbTr/midi/rast--sarki--sofyan--acilan_bir--dramali_hasan_hasguler.mid,symbtr_074_rast_sarki.mid
nihavent--longa--nimsofyan----kevser_hanim.mid,nihavent,longa,nimsofyan,,kevser hanim,/Users/mohammadashraf/Desktop/Thesis-Best/datasets/SymbTr/midi/nihavent--longa--nimsofyan----kevser_hanim.mid,symbtr_075_nihavent_longa.mid
revnaknuma--kupe--agirevfer--ol_guzel--ahmet_avni_konuk.mid,revnaknuma,kupe,agirevfer,ol guzel,ahmet avni konuk,/Users/mohammadashraf/Desktop/Thesis-Best/datasets/SymbTr/midi/revnaknuma--kupe--agirevfer--ol_guzel--ahmet_avni_konuk.mid,symbtr_076_revnaknuma_kupe.mid
sabaasiran--seyir--sofyan--1--sefik_gurmeric.mid,sabaasiran,seyir,sofyan,1,sefik gurmeric,/Users/mohammadashraf/Desktop/Thesis-Best/datasets/SymbTr/midi/sabaasiran--seyir--sofyan--1--sefik_gurmeric.mid,symbtr_077_sabaasiran_seyir.mid
kucek--kupe--duyek--bezme--ahmet_avni_konuk.mid,kucek,kupe,duyek,bezme,ahmet avni konuk,/Users/mohammadashraf/Desktop/Thesis-Best/datasets/SymbTr/midi/kucek--kupe--duyek--bezme--ahmet_avni_konuk.mid,symbtr_078_kucek_kupe.mid
huseyni--turku--curcuna--sari_gelin--erzurum.mid,huseyni,turku,curcuna,sari gelin,erzurum,/Users/mohammadashraf/Desktop/Thesis-Best/datasets/SymbTr/midi/huseyni--turku--curcuna--sari_gelin--erzurum.mid,symbtr_079_huseyni_turku.mid
hicazkar--sarki--agiraksak--gel_seninle--sadullah_efendi.mid,hicazkar,sarki,agiraksak,gel seninle,sadullah efendi,/Users/mohammadashraf/Desktop/Thesis-Best/datasets/SymbTr/midi/hicazkar--sarki--agiraksak--gel_seninle--sadullah_efendi.mid,symbtr_080_hicazkar_sarki.mid
buselik--aranagme--semai--1--.mid,buselik,aranagme,semai,1,,/Users/mohammadashraf/Desktop/Thesis-Best/datasets/SymbTr/midi/buselik--aranagme--semai--1--.mid,symbtr_081_buselik_aranagme.mid
tarzinevin--seyir--sofyan--1--sefik_gurmeric.mid,tarzinevin,seyir,sofyan,1,sefik gurmeric,/Users/mohammadashraf/Desktop/Thesis-Best/datasets/SymbTr/midi/tarzinevin--seyir--sofyan--1--sefik_gurmeric.mid,symbtr_082_tarzinevin_seyir.mid
acemasiran--aranagme--sofyan--1--.mid,acemasiran,aranagme,sofyan,1,,/Users/mohammadashraf/Desktop/Thesis-Best/datasets/SymbTr/midi/acemasiran--aranagme--sofyan--1--.mid,symbtr_083_acemasiran_aranagme.mid
hicazasiran--beste--cenber--gonlumu_viran--zekai_dede.mid,hicazasiran,beste,cenber,gonlumu viran,zekai dede,/Users/mohammadashraf/Desktop/Thesis-Best/datasets/SymbTr/midi/hicazasiran--beste--cenber--gonlumu_viran--zekai_dede.mid,symbtr_084_hicazasiran_beste.mid
kurdilihicazkar--kupe--devrirevanihindi--tarz-i_kurdili--ahmet_avni_konuk.mid,kurdilihicazkar,kupe,devrirevanihindi,tarz-i kurdili,ahmet avni konuk,/Users/mohammadashraf/Desktop/Thesis-Best/datasets/SymbTr/midi/kurdilihicazkar--kupe--devrirevanihindi--tarz-i_kurdili--ahmet_avni_konuk.mid,symbtr_085_kurdilihicazkar_kupe.mid
nihavent--sazeseri--nimsofyan--kanatlarim_olsaydi--serif_muhittin_targan.mid,nihavent,sazeseri,nimsofyan,kanatlarim olsaydi,serif muhittin targan,/Users/mohammadashraf/Desktop/Thesis-Best/datasets/SymbTr/midi/nihavent--sazeseri--nimsofyan--kanatlarim_olsaydi--serif_muhittin_targan.mid,symbtr_086_nihavent_sazeseri.mid
dugah_maye--kupe--duyek--bir_dugah--ahmet_avni_konuk.mid,dugah_maye,kupe,duyek,bir dugah,ahmet avni konuk,/Users/mohammadashraf/Desktop/Thesis-Best/datasets/SymbTr/midi/dugah_maye--kupe--duyek--bir_dugah--ahmet_avni_konuk.mid,symbtr_087_dugah_maye_kupe.mid
hicazkar--kocekce--aksak--gece_gunduz--muallim_ismail_hakki_bey.mid,hicazkar,kocekce,aksak,gece gunduz,muallim ismail hakki bey,/Users/mohammadashraf/Desktop/Thesis-Best/datasets/SymbTr/midi/hicazkar--kocekce--aksak--gece_gunduz--muallim_ismail_hakki_bey.mid,symbtr_088_hicazkar_kocekce.mid
serefnuma--sazsemaisi--aksaksemai----suphi_ezgi.mid,serefnuma,sazsemaisi,aksaksemai,,suphi ezgi,/Users/mohammadashraf/Desktop/Thesis-Best/datasets/SymbTr/midi/serefnuma--sazsemaisi--aksaksemai----suphi_ezgi.mid,symbtr_089_serefnuma_sazsemaisi.mid
vecdidil--pesrev--muhammes----ruhi_ayangil.mid,vecdidil,pesrev,muhammes,,ruhi ayangil,/Users/mohammadashraf/Desktop/Thesis-Best/datasets/SymbTr/midi/vecdidil--pesrev--muhammes----ruhi_ayangil.mid,symbtr_090_vecdidil_pesrev.mid
beyati--turku--3334--kirmizi_gul--erzurum.mid,beyati,turku,3334,kirmizi gul,erzurum,/Users/mohammadashraf/Desktop/Thesis-Best/datasets/SymbTr/midi/beyati--turku--3334--kirmizi_gul--erzurum.mid,symbtr_091_beyati_turku.mid
hicaz_zemzeme--sarki--aksak--gideyim_de--muallim_ismail_hakki_bey.mid,hicaz_zemzeme,sarki,aksak,gideyim de,muallim ismail hakki bey,/Users/mohammadashraf/Desktop/Thesis-Best/datasets/SymbTr/midi/hicaz_zemzeme--sarki--aksak--gideyim_de--muallim_ismail_hakki_bey.mid,symbtr_092_hicaz_zemzeme_sarki.mid
mustear--kupe--darb--kimden--ahmet_avni_konuk.mid,mustear,kupe,darb,kimden,ahmet avni konuk,/Users/mohammadashraf/Desktop/Thesis-Best/datasets/SymbTr/midi/mustear--kupe--darb--kimden--ahmet_avni_konuk.mid,symbtr_093_mustear_kupe.mid
huzzam--agirsemai--aksaksemai--kurban_olayim--haci_faik_bey.mid,huzzam,agirsemai,aksaksemai,kurban olayim,haci faik bey,/Users/mohammadashraf/Desktop/Thesis-Best/datasets/SymbTr/midi/huzzam--agirsemai--aksaksemai--kurban_olayim--haci_faik_bey.mid,symbtr_094_huzzam_agirsemai.mid
karcigar--seyir--semai--1--rauf_yekta.mid,karcigar,seyir,semai,1,rauf yekta,/Users/mohammadashraf/Desktop/Thesis-Best/datasets/SymbTr/midi/karcigar--seyir--semai--1--rauf_yekta.mid,symbtr_095_karcigar_seyir.mid
selmek--sazsemaisi--aksaksemai----mehmet_aga.mid,selmek,sazsemaisi,aksaksemai,,mehmet aga,/Users/mohammadashraf/Desktop/Thesis-Best/datasets/SymbTr/midi/selmek--sazsemaisi--aksaksemai----mehmet_aga.mid,symbtr_096_selmek_sazsemaisi.mid
rast--kar_i_nev--agirduyek--gozumde_daim--dede_efendi.mid,rast,kar_i_nev,agirduyek,gozumde daim,dede efendi,/Users/mohammadashraf/Desktop/Thesis-Best/datasets/SymbTr/midi/rast--kar_i_nev--agirduyek--gozumde_daim--dede_efendi.mid,symbtr_097_rast_kar_i_nev.mid
zavil--turku--sofyan--ela_gozlum_yiktin--sadettin_kaynak.mid,zavil,turku,sofyan,ela gozlum yiktin,sadettin kaynak,/Users/mohammadashraf/Desktop/Thesis-Best/datasets/SymbTr/midi/zavil--turku--sofyan--ela_gozlum_yiktin--sadettin_kaynak.mid,symbtr_098_zavil_turku.mid
buselik--sarki--devrihindi--bahara_indi--selahattin_icli.mid,buselik,sarki,devrihindi,bahara indi,selahattin icli,/Users/mohammadashraf/Desktop/Thesis-Best/datasets/SymbTr/midi/buselik--sarki--devrihindi--bahara_indi--selahattin_icli.mid,symbtr_099_buselik_sarki.mid
segah--sarki--aksak--gece_sessiz--gultekin_ceki.mid,segah,sarki,aksak,gece sessiz,gultekin ceki,/Users/mohammadashraf/Desktop/Thesis-Best/datasets/SymbTr/midi/segah--sarki--aksak--gece_sessiz--gultekin_ceki.mid,symbtr_100_segah_sarki.mid
beyati--turku--devrihindi--bir_cift--yozgat.mid,beyati,turku,devrihindi,bir cift,yozgat,/Users/mohammadashraf/Desktop/Thesis-Best/datasets/SymbTr/midi/beyati--turku--devrihindi--bir_cift--yozgat.mid,symbtr_101_beyati_turku.mid
goncairana--kupe--musemmen--bulbul-i--ahmet_avni_konuk.mid,goncairana,kupe,musemmen,bulbul-i,ahmet avni konuk,/Users/mohammadashraf/Desktop/Thesis-Best/datasets/SymbTr/midi/goncairana--kupe--musemmen--bulbul-i--ahmet_avni_konuk.mid,symbtr_102_goncairana_kupe.mid
reyya--sarki--sofyan--suzme_cesmin--erol_basara.mid,reyya,sarki,sofyan,suzme cesmin,erol basara,/Users/mohammadashraf/Desktop/Thesis-Best/datasets/SymbTr/midi/reyya--sarki--sofyan--suzme_cesmin--erol_basara.mid,symbtr_103_reyya_sarki.mid
beyati_arabanbuselik--kupe--aksak--gel_beyati--ahmet_avni_konuk.mid,beyati_arabanbuselik,kupe,aksak,gel beyati,ahmet avni konuk,/Users/mohammadashraf/Desktop/Thesis-Best/datasets/SymbTr/midi/beyati_arabanbuselik--kupe--aksak--gel_beyati--ahmet_avni_konuk.mid,symbtr_104_beyati_arabanbuselik_kupe.mid
ussak--yuruksemai--yuruksemai--ol_sim-beden--tabi_mustafa_efendi.mid,ussak,yuruksemai,yuruksemai,ol sim-beden,tabi mustafa efendi,/Users/mohammadashraf/Desktop/Thesis-Best/datasets/SymbTr/midi/ussak--yuruksemai--yuruksemai--ol_sim-beden--tabi_mustafa_efendi.mid,symbtr_105_ussak_yuruksemai.mid
maveraunnehr--kupe--devrirevanihindi--alem-i_elhan--ahmet_avni_konuk.mid,maveraunnehr,kupe,devrirevanihindi,alem-i elhan,ahmet avni konuk,/Users/mohammadashraf/Desktop/Thesis-Best/datasets/SymbTr/midi/maveraunnehr--kupe--devrirevanihindi--alem-i_elhan--ahmet_avni_konuk.mid,symbtr_106_maveraunnehr_kupe.mid
mahur--mars--sofyan--gafil_ne--muallim_ismail_hakki_bey.mid,mahur,mars,sofyan,gafil ne,muallim ismail hakki bey,/Users/mohammadashraf/Desktop/Thesis-Best/datasets/SymbTr/midi/mahur--mars--sofyan--gafil_ne--muallim_ismail_hakki_bey.mid,symbtr_107_mahur_mars.mid
pencgah--seyir--semai--1--rauf_yekta.mid,pencgah,seyir,semai,1,rauf yekta,/Users/mohammadashraf/Desktop/Thesis-Best/datasets/SymbTr/midi/pencgah--seyir--semai--1--rauf_yekta.mid,symbtr_108_pencgah_seyir.mid
neveser--kupe--devrirevanihindi--dinle_canim--ahmet_avni_konuk.mid,neveser,kupe,devrirevanihindi,dinle canim,ahmet avni konuk,/Users/mohammadashraf/Desktop/Thesis-Best/datasets/SymbTr/midi/neveser--kupe--devrirevanihindi--dinle_canim--ahmet_avni_konuk.mid,symbtr_109_neveser_kupe.mid
dilkusa--sazsemaisi--aksaksemai----arif_mehmet_aga.mid,dilkusa,sazsemaisi,aksaksemai,,arif mehmet aga,/Users/mohammadashraf/Desktop/Thesis-Best/datasets/SymbTr/midi/dilkusa--sazsemaisi--aksaksemai----arif_mehmet_aga.mid,symbtr_110_dilkusa_sazsemaisi.mid
kurdi_gerdaniye--kupe--musemmen--gordum_agaz--ahmet_avni_konuk.mid,kurdi_gerdaniye,kupe,musemmen,gordum agaz,ahmet avni konuk,/Users/mohammadashraf/Desktop/Thesis-Best/datasets/SymbTr/midi/kurdi_gerdaniye--kupe--musemmen--gordum_agaz--ahmet_avni_konuk.mid,symbtr_111_kurdi_gerdaniye_kupe.mid
muhayyer--murabba--agircenber--vakt-i_subh--hafiz_post.mid,muhayyer,murabba,agircenber,vakt-i subh,hafiz post,/Users/mohammadashraf/Desktop/Thesis-Best/datasets/SymbTr/midi/muhayyer--murabba--agircenber--vakt-i_subh--hafiz_post.mid,symbtr_112_muhayyer_murabba.mid
mahurbuselik--kupe--aksak--ey_gozu--ahmet_avni_konuk.mid,mahurbuselik,kupe,aksak,ey gozu,ahmet avni konuk,/Users/mohammadashraf/Desktop/Thesis-Best/datasets/SymbTr/midi/mahurbuselik--kupe--aksak--ey_gozu--ahmet_avni_konuk.mid,symbtr_113_mahurbuselik_kupe.mid
karcigar--kupe--duyek--bir_sada-yi--ahmet_avni_konuk.mid,karcigar,kupe,duyek,bir sada-yi,ahmet avni konuk,/Users/mohammadashraf/Desktop/Thesis-Best/datasets/SymbTr/midi/karcigar--kupe--duyek--bir_sada-yi--ahmet_avni_konuk.mid,symbtr_114_karcigar_kupe.mid
dilkeshaveran--kupe--agirevfer--alemin_aklin--ahmet_avni_konuk.mid,dilkeshaveran,kupe,agirevfer,alemin aklin,ahmet avni konuk,/Users/mohammadashraf/Desktop/Thesis-Best/datasets/SymbTr/midi/dilkeshaveran--kupe--agirevfer--alemin_aklin--ahmet_avni_konuk.mid,symbtr_115_dilkeshaveran_kupe.mid
karcigar--sazsemaisi--aksaksemai----ahmet_mukerrem_akinci.mid,karcigar,sazsemaisi,aksaksemai,,ahmet mukerrem akinci,/Users/mohammadashraf/Desktop/Thesis-Best/datasets/SymbTr/midi/karcigar--sazsemaisi--aksaksemai----ahmet_mukerrem_akinci.mid,symbtr_116_karcigar_sazsemaisi.mid
sehnazbuselik--aranagme--semai--1--.mid,sehnazbuselik,aranagme,semai,1,,/Users/mohammadashraf/Desktop/Thesis-Best/datasets/SymbTr/midi/sehnazbuselik--aranagme--semai--1--.mid,symbtr_117_sehnazbuselik_aranagme.mid
huseyni--pesrev--devrikebir----kul_mehmet.mid,huseyni,pesrev,devrikebir,,kul mehmet,/Users/mohammadashraf/Desktop/Thesis-Best/datasets/SymbTr/midi/huseyni--pesrev--devrikebir----kul_mehmet.mid,symbtr_118_huseyni_pesrev.mid
muhayyerbuselik--kupe--aksak--bir_muhayyer--ahmet_avni_konuk.mid,muhayyerbuselik,kupe,aksak,bir muhayyer,ahmet avni konuk,/Users/mohammadashraf/Desktop/Thesis-Best/datasets/SymbTr/midi/muhayyerbuselik--kupe--aksak--bir_muhayyer--ahmet_avni_konuk.mid,symbtr_119_muhayyerbuselik_kupe.mid
hicaz--turku--nimsofyan--daglar_daglar--.mid,hicaz,turku,nimsofyan,daglar daglar,,/Users/mohammadashraf/Desktop/Thesis-Best/datasets/SymbTr/midi/hicaz--turku--nimsofyan--daglar_daglar--.mid,symbtr_120_hicaz_turku.mid
saba--turku--nimsofyan--pinar_basi--.mid,saba,turku,nimsofyan,pinar basi,,/Users/mohammadashraf/Desktop/Thesis-Best/datasets/SymbTr/midi/saba--turku--nimsofyan--pinar_basi--.mid,symbtr_121_saba_turku.mid
mahur--pesrev--hafif----rauf_yekta.mid,mahur,pesrev,hafif,,rauf yekta,/Users/mohammadashraf/Desktop/Thesis-Best/datasets/SymbTr/midi/mahur--pesrev--hafif----rauf_yekta.mid,symbtr_122_mahur_pesrev.mid
beyati--beste--hafif--bir_gonca_femin--dede_efendi.mid,beyati,beste,hafif,bir gonca femin,dede efendi,/Users/mohammadashraf/Desktop/Thesis-Best/datasets/SymbTr/midi/beyati--beste--hafif--bir_gonca_femin--dede_efendi.mid,symbtr_123_beyati_beste.mid
suzidil--agirsemai--aksaksemai--beni_ey--sadullah_aga.mid,suzidil,agirsemai,aksaksemai,beni ey,sadullah aga,/Users/mohammadashraf/Desktop/Thesis-Best/datasets/SymbTr/midi/suzidil--agirsemai--aksaksemai--beni_ey--sadullah_aga.mid,symbtr_124_suzidil_agirsemai.mid
tahir--turku--sofyan--hele_yar--diyarbakir.mid,tahir,turku,sofyan,hele yar,diyarbakir,/Users/mohammadashraf/Desktop/Thesis-Best/datasets/SymbTr/midi/tahir--turku--sofyan--hele_yar--diyarbakir.mid,symbtr_125_tahir_turku.mid
hisarbuselik--turku--curcuna--araz_uste--.mid,hisarbuselik,turku,curcuna,araz uste,,/Users/mohammadashraf/Desktop/Thesis-Best/datasets/SymbTr/midi/hisarbuselik--turku--curcuna--araz_uste--.mid,symbtr_126_hisarbuselik_turku.mid
buselik--murabba--zencir--gonul_o_turra--yahya_nazim_celebi.mid,buselik,murabba,zencir,gonul o turra,yahya nazim celebi,/Users/mohammadashraf/Desktop/Thesis-Best/datasets/SymbTr/midi/buselik--murabba--zencir--gonul_o_turra--yahya_nazim_celebi.mid,symbtr_127_buselik_murabba.mid
buzurk--seyir--sofyan--1--sefik_gurmeric.mid,buzurk,seyir,sofyan,1,sefik gurmeric,/Users/mohammadashraf/Desktop/Thesis-Best/datasets/SymbTr/midi/buzurk--seyir--sofyan--1--sefik_gurmeric.mid,symbtr_128_buzurk_seyir.mid
isfahanek--kupe--duyek--tutiya-yi--ahmet_avni_konuk.mid,isfahanek,kupe,duyek,tutiya-yi,ahmet avni konuk,/Users/mohammadashraf/Desktop/Thesis-Best/datasets/SymbTr/midi/isfahanek--kupe--duyek--tutiya-yi--ahmet_avni_konuk.mid,symbtr_129_isfahanek_kupe.mid
hicaz_humayun--turku--curcuna--hishisi_hancer--gaziantep.mid,hicaz_humayun,turku,curcuna,hishisi hancer,gaziantep,/Users/mohammadashraf/Desktop/Thesis-Best/datasets/SymbTr/midi/hicaz_humayun--turku--curcuna--hishisi_hancer--gaziantep.mid,symbtr_130_hicaz_humayun_turku.mid
mahur--sarki--aksak--gor_nitti_cana--dede_efendi.mid,mahur,sarki,aksak,gor nitti cana,dede efendi,/Users/mohammadashraf/Desktop/Thesis-Best/datasets/SymbTr/midi/mahur--sarki--aksak--gor_nitti_cana--dede_efendi.mid,symbtr_131_mahur_sarki.mid
ussak--sarki--aksak--muntazirdir_sana--dellalzade_haci_ismail_efendi.mid,ussak,sarki,aksak,muntazirdir sana,dellalzade haci ismail efendi,/Users/mohammadashraf/Desktop/Thesis-Best/datasets/SymbTr/midi/ussak--sarki--aksak--muntazirdir_sana--dellalzade_haci_ismail_efendi.mid,symbtr_132_ussak_sarki.mid
asiranmaye--kupe--aksaksemai--bir--ahmet_avni_konuk.mid,asiranmaye,kupe,aksaksemai,bir,ahmet avni konuk,/Users/mohammadashraf/Desktop/Thesis-Best/datasets/SymbTr/midi/asiranmaye--kupe--aksaksemai--bir--ahmet_avni_konuk.mid,symbtr_133_asiranmaye_kupe.mid
gulzar--sazsemaisi--aksaksemai----ismet_burkay.mid,gulzar,sazsemaisi,aksaksemai,,ismet burkay,/Users/mohammadashraf/Desktop/Thesis-Best/datasets/SymbTr/midi/gulzar--sazsemaisi--aksaksemai----ismet_burkay.mid,symbtr_134_gulzar_sazsemaisi.mid
acemasiran--aranagme--agiraksak--1--.mid,acemasiran,aranagme,agiraksak,1,,/Users/mohammadashraf/Desktop/Thesis-Best/datasets/SymbTr/midi/acemasiran--aranagme--agiraksak--1--.mid,symbtr_135_acemasiran_aranagme.mid
muhayyerkurdi--sarki--musemmen--ayrilik_var--selahattin_icli.mid,muhayyerkurdi,sarki,musemmen,ayrilik var,selahattin icli,/Users/mohammadashraf/Desktop/Thesis-Best/datasets/SymbTr/midi/muhayyerkurdi--sarki--musemmen--ayrilik_var--selahattin_icli.mid,symbtr_136_muhayyerkurdi_sarki.mid
nikriz--sarki--aksak--elmas_senin--tanburi_mustafa_cavus.mid,nikriz,sarki,aksak,elmas senin,tanburi mustafa cavus,/Users/mohammadashraf/Desktop/Thesis-Best/datasets/SymbTr/midi/nikriz--sarki--aksak--elmas_senin--tanburi_mustafa_cavus.mid,symbtr_137_nikriz_sarki.mid
dilkeside--kupe--yuruksemai_ii--dilkeside--ahmet_avni_konuk.mid,dilkeside,kupe,yuruksemai_ii,dilkeside,ahmet avni konuk,/Users/mohammadashraf/Desktop/Thesis-Best/datasets/SymbTr/midi/dilkeside--kupe--yuruksemai_ii--dilkeside--ahmet_avni_konuk.mid,symbtr_138_dilkeside_kupe.mid
bestenigar--seyir--semai--1--rauf_yekta.mid,bestenigar,seyir,semai,1,rauf yekta,/Users/mohammadashraf/Desktop/Thesis-Best/datasets/SymbTr/midi/bestenigar--seyir--semai--1--rauf_yekta.mid,symbtr_139_bestenigar_seyir.mid
askefza--pesrev--ayindevrirevani----huseyin_sadettin_arel.mid,askefza,pesrev,ayindevrirevani,,huseyin sadettin arel,/Users/mohammadashraf/Desktop/Thesis-Best/datasets/SymbTr/midi/askefza--pesrev--ayindevrirevani----huseyin_sadettin_arel.mid,symbtr_140_askefza_pesrev.mid
huseyni--ornek_oz--sofyan--3--ruhi_ayangil.mid,huseyni,ornek_oz,sofyan,3,ruhi ayangil,/Users/mohammadashraf/Desktop/Thesis-Best/datasets/SymbTr/midi/huseyni--ornek_oz--sofyan--3--ruhi_ayangil.mid,symbtr_141_huseyni_ornek_oz.mid
hicaz_zirgule--kupe--duyek--basladi_mecliste--ahmet_avni_konuk.mid,hicaz_zirgule,kupe,duyek,basladi mecliste,ahmet avni konuk,/Users/mohammadashraf/Desktop/Thesis-Best/datasets/SymbTr/midi/hicaz_zirgule--kupe--duyek--basladi_mecliste--ahmet_avni_konuk.mid,symbtr_142_hicaz_zirgule_kupe.mid
hicazkar--sarki--aksak--bekledim_fecre--rakim_elkutlu.mid,hicazkar,sarki,aksak,bekledim fecre,rakim elkutlu,/Users/mohammadashraf/Desktop/Thesis-Best/datasets/SymbTr/midi/hicazkar--sarki--aksak--bekledim_fecre--rakim_elkutlu.mid,symbtr_143_hicazkar_sarki.mid
segah_maye--kupe--darb--maye-i_ask-i--ahmet_avni_konuk.mid,segah_maye,kupe,darb,maye-i ask-i,ahmet avni konuk,/Users/mohammadashraf/Desktop/Thesis-Best/datasets/SymbTr/midi/segah_maye--kupe--darb--maye-i_ask-i--ahmet_avni_konuk.mid,symbtr_144_segah_maye_kupe.mid
hicaz--kocekce--aksak--baharin_zamani--dede_efendi.mid,hicaz,kocekce,aksak,baharin zamani,dede efendi,/Users/mohammadashraf/Desktop/Thesis-Best/datasets/SymbTr/midi/hicaz--kocekce--aksak--baharin_zamani--dede_efendi.mid,symbtr_145_hicaz_kocekce.mid
ussak--sarki--semai--gonlume_gir--yilmaz_yuksel.mid,ussak,sarki,semai,gonlume gir,yilmaz yuksel,/Users/mohammadashraf/Desktop/Thesis-Best/datasets/SymbTr/midi/ussak--sarki--semai--gonlume_gir--yilmaz_yuksel.mid,symbtr_146_ussak_sarki.mid
ussak--beste--agircenber--cam-i_lalin--zaharya.mid,ussak,beste,agircenber,cam-i lalin,zaharya,/Users/mohammadashraf/Desktop/Thesis-Best/datasets/SymbTr/midi/ussak--beste--agircenber--cam-i_lalin--zaharya.mid,symbtr_147_ussak_beste.mid
nisaburek--sarki--duyek--ayrilik_yari--selahaddin_pinar.mid,nisaburek,sarki,duyek,ayrilik yari,selahaddin pinar,/Users/mohammadashraf/Desktop/Thesis-Best/datasets/SymbTr/midi/nisaburek--sarki--duyek--ayrilik_yari--selahaddin_pinar.mid,symbtr_148_nisaburek_sarki.mid
dilnisin--kupe--devrirevanihindi--bir--ahmet_avni_konuk.mid,dilnisin,kupe,devrirevanihindi,bir,ahmet avni konuk,/Users/mohammadashraf/Desktop/Thesis-Best/datasets/SymbTr/midi/dilnisin--kupe--devrirevanihindi--bir--ahmet_avni_konuk.mid,symbtr_149_dilnisin_kupe.mid
sultaniyegah--aranagme--nimsofyan--1--.mid,sultaniyegah,aranagme,nimsofyan,1,,/Users/mohammadashraf/Desktop/Thesis-Best/datasets/SymbTr/midi/sultaniyegah--aranagme--nimsofyan--1--.mid,symbtr_150_sultaniyegah_aranagme.mid
huzzam--sarki--aksak--vefa_yoktur--tanburi_mustafa_cavus.mid,huzzam,sarki,aksak,vefa yoktur,tanburi mustafa cavus,/Users/mohammadashraf/Desktop/Thesis-Best/datasets/SymbTr/midi/huzzam--sarki--aksak--vefa_yoktur--tanburi_mustafa_cavus.mid,symbtr_151_huzzam_sarki.mid
muhayyer--divan--nimsofyan--ok_gibi--.mid,muhayyer,divan,nimsofyan,ok gibi,,/Users/mohammadashraf/Desktop/Thesis-Best/datasets/SymbTr/midi/muhayyer--divan--nimsofyan--ok_gibi--.mid,symbtr_152_muhayyer_divan.mid
rastmaye--kupe--devrirevanihindi--nagmemiz_bu--ahmet_avni_konuk.mid,rastmaye,kupe,devrirevanihindi,nagmemiz bu,ahmet avni konuk,/Users/mohammadashraf/Desktop/Thesis-Best/datasets/SymbTr/midi/rastmaye--kupe--devrirevanihindi--nagmemiz_bu--ahmet_avni_konuk.mid,symbtr_153_rastmaye_kupe.mid
sabazemzeme--kupe--musemmen--ehl-i_askin--ahmet_avni_konuk.mid,sabazemzeme,kupe,musemmen,ehl-i askin,ahmet avni konuk,/Users/mohammadashraf/Desktop/Thesis-Best/datasets/SymbTr/midi/sabazemzeme--kupe--musemmen--ehl-i_askin--ahmet_avni_konuk.mid,symbtr_154_sabazemzeme_kupe.mid
rast--sarki--kapali_curcuna--nedendir_bu--sevki_bey.mid,rast,sarki,kapali_curcuna,nedendir bu,sevki bey,/Users/mohammadashraf/Desktop/Thesis-Best/datasets/SymbTr/midi/rast--sarki--kapali_curcuna--nedendir_bu--sevki_bey.mid,symbtr_155_rast_sarki.mid
vechisehnaz--kupe--duyek--vech-i--ahmet_avni_konuk.mid,vechisehnaz,kupe,duyek,vech-i,ahmet avni konuk,/Users/mohammadashraf/Desktop/Thesis-Best/datasets/SymbTr/midi/vechisehnaz--kupe--duyek--vech-i--ahmet_avni_konuk.mid,symbtr_156_vechisehnaz_kupe.mid
besteisfahan--kupe--agirevfer--isfahanli_bir--ahmet_avni_konuk.mid,besteisfahan,kupe,agirevfer,isfahanli bir,ahmet avni konuk,/Users/mohammadashraf/Desktop/Thesis-Best/datasets/SymbTr/midi/besteisfahan--kupe--agirevfer--isfahanli_bir--ahmet_avni_konuk.mid,symbtr_157_besteisfahan_kupe.mid
muhayyerkurdi--turku--oynak--evlerinin_onu--.mid,muhayyerkurdi,turku,oynak,evlerinin onu,,/Users/mohammadashraf/Desktop/Thesis-Best/datasets/SymbTr/midi/muhayyerkurdi--turku--oynak--evlerinin_onu--.mid,symbtr_158_muhayyerkurdi_turku.mid
ussak--sarki--duyek--aksam_oldu_huzunlendim--semahat_ozdenses.mid,ussak,sarki,duyek,aksam oldu huzunlendim,semahat ozdenses,/Users/mohammadashraf/Desktop/Thesis-Best/datasets/SymbTr/midi/ussak--sarki--duyek--aksam_oldu_huzunlendim--semahat_ozdenses.mid,symbtr_159_ussak_sarki.mid
rengidil--sarki--turkaksagi--masum_bakislim--halis_bey.mid,rengidil,sarki,turkaksagi,masum bakislim,halis bey,/Users/mohammadashraf/Desktop/Thesis-Best/datasets/SymbTr/midi/rengidil--sarki--turkaksagi--masum_bakislim--halis_bey.mid,symbtr_160_rengidil_sarki.mid
tahir--turku--nimsofyan--gidin_bulutlar--kutahya.mid,tahir,turku,nimsofyan,gidin bulutlar,kutahya,/Users/mohammadashraf/Desktop/Thesis-Best/datasets/SymbTr/midi/tahir--turku--nimsofyan--gidin_bulutlar--kutahya.mid,symbtr_161_tahir_turku.mid
beyati_araban--ilahi--duyek--gonul_mazhardir--enderunlu_hafiz_husnu_efendi.mid,beyati_araban,ilahi,duyek,gonul mazhardir,enderunlu hafiz husnu efendi,/Users/mohammadashraf/Desktop/Thesis-Best/datasets/SymbTr/midi/beyati_araban--ilahi--duyek--gonul_mazhardir--enderunlu_hafiz_husnu_efendi.mid,symbtr_162_beyati_araban_ilahi.mid
hicaz--turku--aksak--necibemin_ikidir--istanbul.mid,hicaz,turku,aksak,necibemin ikidir,istanbul,/Users/mohammadashraf/Desktop/Thesis-Best/datasets/SymbTr/midi/hicaz--turku--aksak--necibemin_ikidir--istanbul.mid,symbtr_163_hicaz_turku.mid
huzzam_icedid--ilahi--duyek--goster_bize--huseyin_sadettin_arel.mid,huzzam_icedid,ilahi,duyek,goster bize,huseyin sadettin arel,/Users/mohammadashraf/Desktop/Thesis-Best/datasets/SymbTr/midi/huzzam_icedid--ilahi--duyek--goster_bize--huseyin_sadettin_arel.mid,symbtr_164_huzzam_icedid_ilahi.mid
saba--turku--duyek--hangi_bagin--.mid,saba,turku,duyek,hangi bagin,,/Users/mohammadashraf/Desktop/Thesis-Best/datasets/SymbTr/midi/saba--turku--duyek--hangi_bagin--.mid,symbtr_165_saba_turku.mid
murekkep_isfahan--sarki--devrihindi--kalmadi_sabra--udi_nevres_bey.mid,murekkep_isfahan,sarki,devrihindi,kalmadi sabra,udi nevres bey,/Users/mohammadashraf/Desktop/Thesis-Best/datasets/SymbTr/midi/murekkep_isfahan--sarki--devrihindi--kalmadi_sabra--udi_nevres_bey.mid,symbtr_166_murekkep_isfahan_sarki.mid
sipihr--kupe--duyek--her--ahmet_avni_konuk.mid,sipihr,kupe,duyek,her,ahmet avni konuk,/Users/mohammadashraf/Desktop/Thesis-Best/datasets/SymbTr/midi/sipihr--kupe--duyek--her--ahmet_avni_konuk.mid,symbtr_167_sipihr_kupe.mid
muhayyer--turku--aksak--serenler--burdur.mid,muhayyer,turku,aksak,serenler,burdur,/Users/mohammadashraf/Desktop/Thesis-Best/datasets/SymbTr/midi/muhayyer--turku--aksak--serenler--burdur.mid,symbtr_168_muhayyer_turku.mid
ussak--kurthavasi--sofyan--karsida_kurt--.mid,ussak,kurthavasi,sofyan,karsida kurt,,/Users/mohammadashraf/Desktop/Thesis-Best/datasets/SymbTr/midi/ussak--kurthavasi--sofyan--karsida_kurt--.mid,symbtr_169_ussak_kurthavasi.mid
segah--sarki--aksak--suyi_kagithanede--lavtaci_hristo.mid,segah,sarki,aksak,suyi kagithanede,lavtaci hristo,/Users/mohammadashraf/Desktop/Thesis-Best/datasets/SymbTr/midi/segah--sarki--aksak--suyi_kagithanede--lavtaci_hristo.mid,symbtr_170_segah_sarki.mid
sehnaz--sarki--agirevfer--merami_andelibin--kemani_riza_efendi.mid,sehnaz,sarki,agirevfer,merami andelibin,kemani riza efendi,/Users/mohammadashraf/Desktop/Thesis-Best/datasets/SymbTr/midi/sehnaz--sarki--agirevfer--merami_andelibin--kemani_riza_efendi.mid,symbtr_171_sehnaz_sarki.mid
ruhnuvaz--seyir--sofyan--1--erol_bingol.mid,ruhnuvaz,seyir,sofyan,1,erol bingol,/Users/mohammadashraf/Desktop/Thesis-Best/datasets/SymbTr/midi/ruhnuvaz--seyir--sofyan--1--erol_bingol.mid,symbtr_172_ruhnuvaz_seyir.mid
gulizar--kocekce--aksak--nazli_nazli--dede_efendi.mid,gulizar,kocekce,aksak,nazli nazli,dede efendi,/Users/mohammadashraf/Desktop/Thesis-Best/datasets/SymbTr/midi/gulizar--kocekce--aksak--nazli_nazli--dede_efendi.mid,symbtr_173_gulizar_kocekce.mid
buselikasiran--seyir--sofyan--1--sefik_gurmeric.mid,buselikasiran,seyir,sofyan,1,sefik gurmeric,/Users/mohammadashraf/Desktop/Thesis-Best/datasets/SymbTr/midi/buselikasiran--seyir--sofyan--1--sefik_gurmeric.mid,symbtr_174_buselikasiran_seyir.mid
hicaz--sarki--aksak--sen_bu_yerden--sevki_bey.mid,hicaz,sarki,aksak,sen bu yerden,sevki bey,/Users/mohammadashraf/Desktop/Thesis-Best/datasets/SymbTr/midi/hicaz--sarki--aksak--sen_bu_yerden--sevki_bey.mid,symbtr_175_hicaz_sarki.mid
rasticedid--kupe--devrirevanihindi--etse_hanende--ahmet_avni_konuk.mid,rasticedid,kupe,devrirevanihindi,etse hanende,ahmet avni konuk,/Users/mohammadashraf/Desktop/Thesis-Best/datasets/SymbTr/midi/rasticedid--kupe--devrirevanihindi--etse_hanende--ahmet_avni_konuk.mid,symbtr_176_rasticedid_kupe.mid
nisabureyn--pesrev--devriaryan----ozan_yarman.mid,nisabureyn,pesrev,devriaryan,,ozan yarman,/Users/mohammadashraf/Desktop/Thesis-Best/datasets/SymbTr/midi/nisabureyn--pesrev--devriaryan----ozan_yarman.mid,symbtr_177_nisabureyn_pesrev.mid
ussak--seyir--sofyan--1--erol_bingol.mid,ussak,seyir,sofyan,1,erol bingol,/Users/mohammadashraf/Desktop/Thesis-Best/datasets/SymbTr/midi/ussak--seyir--sofyan--1--erol_bingol.mid,symbtr_178_ussak_seyir.mid
rahatulervah--seyir--sofyan--1--sefik_gurmeric.mid,rahatulervah,seyir,sofyan,1,sefik gurmeric,/Users/mohammadashraf/Desktop/Thesis-Best/datasets/SymbTr/midi/rahatulervah--seyir--sofyan--1--sefik_gurmeric.mid,symbtr_179_rahatulervah_seyir.mid
hicaz--sarki--turkaksagi--saydeyledi_bu--haci_arif_bey.mid,hicaz,sarki,turkaksagi,saydeyledi bu,haci arif bey,/Users/mohammadashraf/Desktop/Thesis-Best/datasets/SymbTr/midi/hicaz--sarki--turkaksagi--saydeyledi_bu--haci_arif_bey.mid,symbtr_180_hicaz_sarki.mid
karcigar--sarki--agiraksak--ah_efendim--hafiz_yusuf_efendi.mid,karcigar,sarki,agiraksak,ah efendim,hafiz yusuf efendi,/Users/mohammadashraf/Desktop/Thesis-Best/datasets/SymbTr/midi/karcigar--sarki--agiraksak--ah_efendim--hafiz_yusuf_efendi.mid,symbtr_181_karcigar_sarki.mid
ussak--sarki--musemmen--gonlumun_bir--emin_ongan.mid,ussak,sarki,musemmen,gonlumun bir,emin ongan,/Users/mohammadashraf/Desktop/Thesis-Best/datasets/SymbTr/midi/ussak--sarki--musemmen--gonlumun_bir--emin_ongan.mid,symbtr_182_ussak_sarki.mid
dugah--ilahi--agircenber--gel_ey_salik--dede_efendi.mid,dugah,ilahi,agircenber,gel ey salik,dede efendi,/Users/mohammadashraf/Desktop/Thesis-Best/datasets/SymbTr/midi/dugah--ilahi--agircenber--gel_ey_salik--dede_efendi.mid,symbtr_183_dugah_ilahi.mid
suzinak--agirsemai--aksaksemai--kapilir_her--kucuk_mehmet_aga.mid,suzinak,agirsemai,aksaksemai,kapilir her,kucuk mehmet aga,/Users/mohammadashraf/Desktop/Thesis-Best/datasets/SymbTr/midi/suzinak--agirsemai--aksaksemai--kapilir_her--kucuk_mehmet_aga.mid,symbtr_184_suzinak_agirsemai.mid
nevabuselik--sarki--duyek--elbet_gonullerde--sadettin_kaynak.mid,nevabuselik,sarki,duyek,elbet gonullerde,sadettin kaynak,/Users/mohammadashraf/Desktop/Thesis-Best/datasets/SymbTr/midi/nevabuselik--sarki--duyek--elbet_gonullerde--sadettin_kaynak.mid,symbtr_185_nevabuselik_sarki.mid
sultaniirak--kupe--duyek--sah-i--ahmet_avni_konuk.mid,sultaniirak,kupe,duyek,sah-i,ahmet avni konuk,/Users/mohammadashraf/Desktop/Thesis-Best/datasets/SymbTr/midi/sultaniirak--kupe--duyek--sah-i--ahmet_avni_konuk.mid,symbtr_186_sultaniirak_kupe.mid
muhayyerkurdi--sazsemaisi--aksaksemai----sadi_isilay.mid,muhayyerkurdi,sazsemaisi,aksaksemai,,sadi isilay,/Users/mohammadashraf/Desktop/Thesis-Best/datasets/SymbTr/midi/muhayyerkurdi--sazsemaisi--aksaksemai----sadi_isilay.mid,symbtr_187_muhayyerkurdi_sazsemaisi.mid
segah--sarki--kapali_curcuna--hasta_kalbimde--kaptanzade_ali_riza_bey.mid,segah,sarki,kapali_curcuna,hasta kalbimde,kaptanzade ali riza bey,/Users/mohammadashraf/Desktop/Thesis-Best/datasets/SymbTr/midi/segah--sarki--kapali_curcuna--hasta_kalbimde--kaptanzade_ali_riza_bey.mid,symbtr_188_segah_sarki.mid
evic--seyir--semai--1--rauf_yekta.mid,evic,seyir,semai,1,rauf yekta,/Users/mohammadashraf/Desktop/Thesis-Best/datasets/SymbTr/midi/evic--seyir--semai--1--rauf_yekta.mid,symbtr_189_evic_seyir.mid
hicaz_humayun--turku--turkaksagi--beni_seni--trabzon.mid,hicaz_humayun,turku,turkaksagi,beni seni,trabzon,/Users/mohammadashraf/Desktop/Thesis-Best/datasets/SymbTr/midi/hicaz_humayun--turku--turkaksagi--beni_seni--trabzon.mid,symbtr_190_hicaz_humayun_turku.mid
guldeste--sazsemaisi--aksaksemai----dede_salih_efendi.mid,guldeste,sazsemaisi,aksaksemai,,dede salih efendi,/Users/mohammadashraf/Desktop/Thesis-Best/datasets/SymbTr/midi/guldeste--sazsemaisi--aksaksemai----dede_salih_efendi.mid,symbtr_191_guldeste_sazsemaisi.mid
araban--kupe--musemmen--etse--ahmet_avni_konuk.mid,araban,kupe,musemmen,etse,ahmet avni konuk,/Users/mohammadashraf/Desktop/Thesis-Best/datasets/SymbTr/midi/araban--kupe--musemmen--etse--ahmet_avni_konuk.mid,symbtr_192_araban_kupe.mid
huseyni--sarki--aksak--sensizlige_soylendi--ilgun_soysev.mid,huseyni,sarki,aksak,sensizlige soylendi,ilgun soysev,/Users/mohammadashraf/Desktop/Thesis-Best/datasets/SymbTr/midi/huseyni--sarki--aksak--sensizlige_soylendi--ilgun_soysev.mid,symbtr_193_huseyni_sarki.mid
gerdaniyebuselik--kupe--aksak--oturup_bir--ahmet_avni_konuk.mid,gerdaniyebuselik,kupe,aksak,oturup bir,ahmet avni konuk,/Users/mohammadashraf/Desktop/Thesis-Best/datasets/SymbTr/midi/gerdaniyebuselik--kupe--aksak--oturup_bir--ahmet_avni_konuk.mid,symbtr_194_gerdaniyebuselik_kupe.mid
huseyni--sarki--aksak--sevdigim_cemalin--mahmud_celaleddin_pasa.mid,huseyni,sarki,aksak,sevdigim cemalin,mahmud celaleddin pasa,/Users/mohammadashraf/Desktop/Thesis-Best/datasets/SymbTr/midi/huseyni--sarki--aksak--sevdigim_cemalin--mahmud_celaleddin_pasa.mid,symbtr_195_huseyni_sarki.mid
rast--sarki--curcuna--mey-i_lalinle--tatyos_efendi.mid,rast,sarki,curcuna,mey-i lalinle,tatyos efendi,/Users/mohammadashraf/Desktop/Thesis-Best/datasets/SymbTr/midi/rast--sarki--curcuna--mey-i_lalinle--tatyos_efendi.mid,symbtr_196_rast_sarki.mid
ruyiirak--sazsemaisi--aksaksemai----kani_karaca.mid,ruyiirak,sazsemaisi,aksaksemai,,kani karaca,/Users/mohammadashraf/Desktop/Thesis-Best/datasets/SymbTr/midi/ruyiirak--sazsemaisi--aksaksemai----kani_karaca.mid,symbtr_197_ruyiirak_sazsemaisi.mid
neva--agirsemai--aksaksemai--sevdi_bu_gonul--ama_kadri_efendi.mid,neva,agirsemai,aksaksemai,sevdi bu gonul,ama kadri efendi,/Users/mohammadashraf/Desktop/Thesis-Best/datasets/SymbTr/midi/neva--agirsemai--aksaksemai--sevdi_bu_gonul--ama_kadri_efendi.mid,symbtr_198_neva_agirsemai.mid
rast--sarki--sofyan--yarali_gonlumde--omer_sami_gupgup.mid,rast,sarki,sofyan,yarali gonlumde,omer sami gupgup,/Users/mohammadashraf/Desktop/Thesis-Best/datasets/SymbTr/midi/rast--sarki--sofyan--yarali_gonlumde--omer_sami_gupgup.mid,symbtr_199_rast_sarki.mid
