path,duration_s,note_count,note_density,pitch_min,pitch_max,pitch_range,avg_pitch,avg_velocity,avg_note_dur_s,pc_entropy,n_instruments,filename,tune_id,tradition
/Users/mohammadashraf/Desktop/Thesis-Best/data/processed/irish_folk/midi/irish_000_27_reel.mid,32.0,116,3.625,62,81,19,71.0,90.0,0.276,2.664,1,irish_000_27_reel.mid,27.0,irish_folk
/Users/mohammadashraf/Desktop/Thesis-Best/data/processed/irish_folk/midi/irish_001_1_reel.mid,64.0,230,3.594,62,81,19,70.6,90.0,0.278,2.5928,1,irish_001_1_reel.mid,1.0,irish_folk
/Users/mohammadashraf/Desktop/Thesis-Best/data/processed/irish_folk/midi/irish_002_182_reel.mid,64.25,263,4.093,66,83,17,74.5,90.0,0.244,2.4381,1,irish_002_182_reel.mid,182.0,irish_folk
/Users/mohammadashraf/Desktop/Thesis-Best/data/processed/irish_folk/midi/irish_003_64_reel.mid,64.0,240,3.75,62,83,21,72.9,90.0,0.267,2.5851,1,irish_003_64_reel.mid,64.0,irish_folk
/Users/mohammadashraf/Desktop/Thesis-Best/data/processed/irish_folk/midi/irish_004_8_reel.mid,64.0,232,3.625,62,81,19,70.8,90.0,0.276,2.4866,1,irish_004_8_reel.mid,8.0,irish_folk
/Users/mohammadashraf/Desktop/Thesis-Best/data/processed/irish_folk/midi/irish_005_116_reel.mid,32.0,113,3.531,62,83,21,73.2,90.0,0.283,2.723,1,irish_005_116_reel.mid,116.0,irish_folk
/Users/mohammadashraf/Desktop/Thesis-Best/data/processed/irish_folk/midi/irish_006_248_reel.mid,64.0,222,3.469,57,76,19,63.6,90.0,0.288,2.6416,1,irish_006_248_reel.mid,248.0,irish_folk
/Users/mohammadashraf/Desktop/Thesis-Best/data/processed/irish_folk/midi/irish_007_73_reel.mid,48.0,179,3.729,66,83,17,73.7,90.0,0.268,2.4723,1,irish_007_73_reel.mid,73.0,irish_folk
/Users/mohammadashraf/Desktop/Thesis-Best/data/processed/irish_folk/midi/irish_008_42_reel.mid,80.0,305,3.812,67,81,14,72.6,90.0,0.262,2.5749,1,irish_008_42_reel.mid,42.0,irish_folk
/Users/mohammadashraf/Desktop/Thesis-Best/data/processed/irish_folk/midi/irish_009_98_reel.mid,64.0,222,3.469,62,83,21,74.3,90.0,0.288,2.455,1,irish_009_98_reel.mid,98.0,irish_folk
/Users/mohammadashraf/Desktop/Thesis-Best/data/processed/irish_folk/midi/irish_010_68_reel.mid,32.0,112,3.5,62,79,17,69.1,90.0,0.286,2.4045,1,irish_010_68_reel.mid,68.0,irish_folk
/Users/mohammadashraf/Desktop/Thesis-Best/data/processed/irish_folk/midi/irish_011_103_reel.mid,64.0,236,3.688,62,83,21,73.6,90.0,0.271,2.8291,1,irish_011_103_reel.mid,103.0,irish_folk
/Users/mohammadashraf/Desktop/Thesis-Best/data/processed/irish_folk/midi/irish_012_74_reel.mid,160.0,600,3.75,64,83,19,74.2,90.0,0.267,2.5578,1,irish_012_74_reel.mid,74.0,irish_folk
/Users/mohammadashraf/Desktop/Thesis-Best/data/processed/irish_folk/midi/irish_013_197_reel.mid,64.0,246,3.844,62,83,21,74.7,90.0,0.26,2.6548,1,irish_013_197_reel.mid,197.0,irish_folk
/Users/mohammadashraf/Desktop/Thesis-Best/data/processed/irish_folk/midi/irish_014_20_reel.mid,96.0,356,3.708,62,81,19,70.0,90.0,0.27,2.6984,1,irish_014_20_reel.mid,20.0,irish_folk
/Users/mohammadashraf/Desktop/Thesis-Best/data/processed/irish_folk/midi/irish_015_72_reel.mid,64.0,234,3.656,62,83,21,73.0,90.0,0.274,2.5937,1,irish_015_72_reel.mid,72.0,irish_folk
/Users/mohammadashraf/Desktop/Thesis-Best/data/processed/irish_folk/midi/irish_016_208_reel.mid,64.0,242,3.781,67,83,16,75.0,90.0,0.264,2.5749,1,irish_016_208_reel.mid,208.0,irish_folk
/Users/mohammadashraf/Desktop/Thesis-Best/data/processed/irish_folk/midi/irish_017_113_reel.mid,32.0,119,3.719,64,83,19,73.1,90.0,0.269,2.3588,1,irish_017_113_reel.mid,113.0,irish_folk
/Users/mohammadashraf/Desktop/Thesis-Best/data/processed/irish_folk/midi/irish_018_2_reel.mid,80.0,288,3.6,62,83,21,73.4,90.0,0.278,2.3483,1,irish_018_2_reel.mid,2.0,irish_folk
/Users/mohammadashraf/Desktop/Thesis-Best/data/processed/irish_folk/midi/irish_019_69_reel.mid,64.0,228,3.562,62,79,17,69.1,90.0,0.281,2.6131,1,irish_019_69_reel.mid,69.0,irish_folk
/Users/mohammadashraf/Desktop/Thesis-Best/data/processed/irish_folk/midi/irish_020_118_reel.mid,64.0,242,3.781,62,81,19,70.3,90.0,0.264,2.6384,1,irish_020_118_reel.mid,118.0,irish_folk
/Users/mohammadashraf/Desktop/Thesis-Best/data/processed/irish_folk/midi/irish_021_75_reel.mid,64.0,224,3.5,67,81,14,72.9,90.0,0.286,2.6622,1,irish_021_75_reel.mid,75.0,irish_folk
/Users/mohammadashraf/Desktop/Thesis-Best/data/processed/irish_folk/midi/irish_022_221_reel.mid,64.0,238,3.719,62,83,21,71.8,90.0,0.267,2.5364,1,irish_022_221_reel.mid,221.0,irish_folk
/Users/mohammadashraf/Desktop/Thesis-Best/data/processed/irish_folk/midi/irish_023_517_reel.mid,96.0,352,3.667,62,81,19,69.8,90.0,0.273,2.5309,1,irish_023_517_reel.mid,517.0,irish_folk
/Users/mohammadashraf/Desktop/Thesis-Best/data/processed/irish_folk/midi/irish_024_589_reel.mid,32.0,114,3.562,62,81,19,72.3,90.0,0.281,2.5576,1,irish_024_589_reel.mid,589.0,irish_folk
/Users/mohammadashraf/Desktop/Thesis-Best/data/processed/irish_folk/midi/irish_025_141_reel.mid,32.0,116,3.625,62,74,12,68.4,90.0,0.276,2.6083,1,irish_025_141_reel.mid,141.0,irish_folk
/Users/mohammadashraf/Desktop/Thesis-Best/data/processed/irish_folk/midi/irish_026_511_reel.mid,80.0,298,3.725,62,81,19,71.1,90.0,0.268,2.3829,1,irish_026_511_reel.mid,511.0,irish_folk
/Users/mohammadashraf/Desktop/Thesis-Best/data/processed/irish_folk/midi/irish_027_727_reel.mid,64.0,258,4.031,67,81,14,71.6,90.0,0.261,2.1877,1,irish_027_727_reel.mid,727.0,irish_folk
/Users/mohammadashraf/Desktop/Thesis-Best/data/processed/irish_folk/midi/irish_028_21_reel.mid,32.0,114,3.562,64,83,19,71.8,90.0,0.281,2.5627,1,irish_028_21_reel.mid,21.0,irish_folk
/Users/mohammadashraf/Desktop/Thesis-Best/data/processed/irish_folk/midi/irish_029_33_reel.mid,128.0,446,3.484,55,83,28,72.4,90.0,0.287,2.6496,1,irish_029_33_reel.mid,33.0,irish_folk
/Users/mohammadashraf/Desktop/Thesis-Best/data/processed/irish_folk/midi/irish_030_636_reel.mid,64.25,254,3.953,64,83,19,73.6,90.0,0.253,2.4573,1,irish_030_636_reel.mid,636.0,irish_folk
/Users/mohammadashraf/Desktop/Thesis-Best/data/processed/irish_folk/midi/irish_031_462_reel.mid,96.0,308,3.208,62,79,17,71.6,90.4,0.312,2.6125,1,irish_031_462_reel.mid,462.0,irish_folk
/Users/mohammadashraf/Desktop/Thesis-Best/data/processed/irish_folk/midi/irish_032_543_reel.mid,96.0,358,3.729,57,83,26,72.1,90.0,0.265,2.6262,1,irish_032_543_reel.mid,543.0,irish_folk
/Users/mohammadashraf/Desktop/Thesis-Best/data/processed/irish_folk/midi/irish_033_560_reel.mid,95.5,376,3.937,62,83,21,70.7,90.0,0.254,2.6534,1,irish_033_560_reel.mid,560.0,irish_folk
/Users/mohammadashraf/Desktop/Thesis-Best/data/processed/irish_folk/midi/irish_034_518_reel.mid,96.25,336,3.491,62,78,16,70.3,90.0,0.286,2.3446,1,irish_034_518_reel.mid,518.0,irish_folk
/Users/mohammadashraf/Desktop/Thesis-Best/data/processed/irish_folk/midi/irish_035_222_reel.mid,32.0,117,3.656,62,83,21,72.0,90.0,0.274,2.6545,1,irish_035_222_reel.mid,222.0,irish_folk
/Users/mohammadashraf/Desktop/Thesis-Best/data/processed/irish_folk/midi/irish_036_86_reel.mid,64.0,214,3.344,60,83,23,73.1,90.0,0.299,2.8494,1,irish_036_86_reel.mid,86.0,irish_folk
/Users/mohammadashraf/Desktop/Thesis-Best/data/processed/irish_folk/midi/irish_037_114_reel.mid,64.0,234,3.656,62,81,19,71.4,90.0,0.274,2.727,1,irish_037_114_reel.mid,114.0,irish_folk
/Users/mohammadashraf/Desktop/Thesis-Best/data/processed/irish_folk/midi/irish_038_399_reel.mid,64.0,240,3.75,62,83,21,73.9,90.0,0.267,2.5503,1,irish_038_399_reel.mid,399.0,irish_folk
/Users/mohammadashraf/Desktop/Thesis-Best/data/processed/irish_folk/midi/irish_039_87_reel.mid,32.0,112,3.5,62,81,19,71.6,90.0,0.286,2.5638,1,irish_039_87_reel.mid,87.0,irish_folk
/Users/mohammadashraf/Desktop/Thesis-Best/data/processed/irish_folk/midi/irish_040_430_reel.mid,32.0,118,3.688,62,83,21,73.5,90.0,0.271,2.3538,1,irish_040_430_reel.mid,430.0,irish_folk
/Users/mohammadashraf/Desktop/Thesis-Best/data/processed/irish_folk/midi/irish_041_646_reel.mid,64.0,242,3.781,64,81,17,72.3,90.0,0.264,2.611,1,irish_041_646_reel.mid,646.0,irish_folk
/Users/mohammadashraf/Desktop/Thesis-Best/data/processed/irish_folk/midi/irish_042_138_reel.mid,64.0,248,3.875,62,81,19,71.1,90.0,0.258,2.6117,1,irish_042_138_reel.mid,138.0,irish_folk
/Users/mohammadashraf/Desktop/Thesis-Best/data/processed/irish_folk/midi/irish_043_115_reel.mid,96.0,348,3.625,62,83,21,72.4,90.0,0.276,2.6459,1,irish_043_115_reel.mid,115.0,irish_folk
/Users/mohammadashraf/Desktop/Thesis-Best/data/processed/irish_folk/midi/irish_044_18_reel.mid,64.0,220,3.438,62,74,12,69.8,90.0,0.291,2.0872,1,irish_044_18_reel.mid,18.0,irish_folk
/Users/mohammadashraf/Desktop/Thesis-Best/data/processed/irish_folk/midi/irish_045_432_reel.mid,80.0,269,3.362,62,83,21,72.3,90.0,0.297,2.4585,1,irish_045_432_reel.mid,432.0,irish_folk
/Users/mohammadashraf/Desktop/Thesis-Best/data/processed/irish_folk/midi/irish_046_791_reel.mid,64.0,230,3.594,69,81,12,76.3,90.0,0.278,2.6409,1,irish_046_791_reel.mid,791.0,irish_folk
/Users/mohammadashraf/Desktop/Thesis-Best/data/processed/irish_folk/midi/irish_047_570_reel.mid,48.0,166,3.458,62,83,21,74.8,90.0,0.289,2.233,1,irish_047_570_reel.mid,570.0,irish_folk
/Users/mohammadashraf/Desktop/Thesis-Best/data/processed/irish_folk/midi/irish_048_857_reel.mid,64.0,213,3.328,62,79,17,69.6,90.0,0.3,2.3633,1,irish_048_857_reel.mid,857.0,irish_folk
/Users/mohammadashraf/Desktop/Thesis-Best/data/processed/irish_folk/midi/irish_049_726_reel.mid,32.0,106,3.312,64,81,17,71.3,90.0,0.302,2.506,1,irish_049_726_reel.mid,726.0,irish_folk
/Users/mohammadashraf/Desktop/Thesis-Best/data/processed/irish_folk/midi/irish_050_188_reel.mid,48.0,177,3.688,69,83,14,74.8,90.0,0.271,2.3482,1,irish_050_188_reel.mid,188.0,irish_folk
/Users/mohammadashraf/Desktop/Thesis-Best/data/processed/irish_folk/midi/irish_051_105_reel.mid,64.0,248,3.875,66,83,17,74.4,90.0,0.258,2.7156,1,irish_051_105_reel.mid,105.0,irish_folk
/Users/mohammadashraf/Desktop/Thesis-Best/data/processed/irish_folk/midi/irish_052_5270_reel.mid,64.0,200,3.125,62,83,21,71.5,90.0,0.32,2.3129,1,irish_052_5270_reel.mid,5270.0,irish_folk
/Users/mohammadashraf/Desktop/Thesis-Best/data/processed/irish_folk/midi/irish_053_99_reel.mid,64.0,248,3.875,62,83,21,73.2,90.0,0.258,2.7988,1,irish_053_99_reel.mid,99.0,irish_folk
/Users/mohammadashraf/Desktop/Thesis-Best/data/processed/irish_folk/midi/irish_054_219_reel.mid,32.0,140,4.375,62,81,19,68.5,90.0,0.229,2.584,1,irish_054_219_reel.mid,219.0,irish_folk
/Users/mohammadashraf/Desktop/Thesis-Best/data/processed/irish_folk/midi/irish_055_602_reel.mid,64.0,208,3.25,57,79,22,68.5,90.0,0.308,2.7488,1,irish_055_602_reel.mid,602.0,irish_folk
/Users/mohammadashraf/Desktop/Thesis-Best/data/processed/irish_folk/midi/irish_056_605_reel.mid,48.0,180,3.75,62,83,21,70.5,90.0,0.267,2.4306,1,irish_056_605_reel.mid,605.0,irish_folk
/Users/mohammadashraf/Desktop/Thesis-Best/data/processed/irish_folk/midi/irish_057_1977_reel.mid,64.0,238,3.719,64,83,19,73.3,90.0,0.269,2.5601,1,irish_057_1977_reel.mid,1977.0,irish_folk
/Users/mohammadashraf/Desktop/Thesis-Best/data/processed/irish_folk/midi/irish_058_2549_reel.mid,64.0,212,3.312,62,83,21,71.3,90.0,0.302,2.6194,1,irish_058_2549_reel.mid,2549.0,irish_folk
/Users/mohammadashraf/Desktop/Thesis-Best/data/processed/irish_folk/midi/irish_059_440_reel.mid,96.25,360,3.74,59,83,24,71.1,90.0,0.267,2.541,1,irish_059_440_reel.mid,440.0,irish_folk
/Users/mohammadashraf/Desktop/Thesis-Best/data/processed/irish_folk/midi/irish_060_756_reel.mid,48.0,190,3.958,62,83,21,75.0,90.0,0.42,2.7183,1,irish_060_756_reel.mid,756.0,irish_folk
/Users/mohammadashraf/Desktop/Thesis-Best/data/processed/irish_folk/midi/irish_061_703_reel.mid,96.0,388,4.042,57,74,17,66.3,90.0,0.247,2.6492,1,irish_061_703_reel.mid,703.0,irish_folk
/Users/mohammadashraf/Desktop/Thesis-Best/data/processed/irish_folk/midi/irish_062_410_reel.mid,96.0,358,3.729,62,81,19,73.3,90.0,0.268,2.6261,1,irish_062_410_reel.mid,410.0,irish_folk
/Users/mohammadashraf/Desktop/Thesis-Best/data/processed/irish_folk/midi/irish_063_363_reel.mid,64.0,216,3.375,62,78,16,70.4,90.0,0.296,2.4522,1,irish_063_363_reel.mid,363.0,irish_folk
/Users/mohammadashraf/Desktop/Thesis-Best/data/processed/irish_folk/midi/irish_064_346_reel.mid,88.5,350,3.955,60,73,13,64.0,90.0,0.26,2.4156,1,irish_064_346_reel.mid,346.0,irish_folk
/Users/mohammadashraf/Desktop/Thesis-Best/data/processed/irish_folk/midi/irish_065_2221_reel.mid,63.5,242,3.811,68,85,17,76.0,90.0,0.26,2.3135,1,irish_065_2221_reel.mid,2221.0,irish_folk
/Users/mohammadashraf/Desktop/Thesis-Best/data/processed/irish_folk/midi/irish_066_891_reel.mid,96.0,352,3.667,62,83,21,72.0,90.0,0.273,2.6246,1,irish_066_891_reel.mid,891.0,irish_folk
/Users/mohammadashraf/Desktop/Thesis-Best/data/processed/irish_folk/midi/irish_067_44_reel.mid,64.0,230,3.594,67,81,14,73.9,90.0,0.278,2.6733,1,irish_067_44_reel.mid,44.0,irish_folk
/Users/mohammadashraf/Desktop/Thesis-Best/data/processed/irish_folk/midi/irish_068_1499_reel.mid,64.0,230,3.594,67,81,14,74.7,90.0,0.278,2.7033,1,irish_068_1499_reel.mid,1499.0,irish_folk
/Users/mohammadashraf/Desktop/Thesis-Best/data/processed/irish_folk/midi/irish_069_55_jig.mid,48.0,170,3.542,66,83,17,72.7,90.0,0.282,2.4221,1,irish_069_55_jig.mid,55.0,irish_folk
/Users/mohammadashraf/Desktop/Thesis-Best/data/processed/irish_folk/midi/irish_070_71_jig.mid,48.0,162,3.375,62,81,19,71.4,90.0,0.296,2.4993,1,irish_070_71_jig.mid,71.0,irish_folk
/Users/mohammadashraf/Desktop/Thesis-Best/data/processed/irish_folk/midi/irish_071_9_jig.mid,72.0,246,3.417,62,81,19,72.1,90.0,0.293,2.7648,1,irish_071_9_jig.mid,9.0,irish_folk
/Users/mohammadashraf/Desktop/Thesis-Best/data/processed/irish_folk/midi/irish_072_108_jig.mid,72.0,248,3.444,62,79,17,69.6,90.0,0.29,2.364,1,irish_072_108_jig.mid,108.0,irish_folk
/Users/mohammadashraf/Desktop/Thesis-Best/data/processed/irish_folk/midi/irish_073_106_jig.mid,72.0,266,3.694,67,83,16,73.9,90.0,0.271,2.7336,1,irish_073_106_jig.mid,106.0,irish_folk
/Users/mohammadashraf/Desktop/Thesis-Best/data/processed/irish_folk/midi/irish_074_19_jig.mid,48.0,184,3.833,66,83,17,74.3,90.0,0.261,2.4763,1,irish_074_19_jig.mid,19.0,irish_folk
/Users/mohammadashraf/Desktop/Thesis-Best/data/processed/irish_folk/midi/irish_075_5_jig.mid,168.0,614,3.655,62,79,17,67.3,90.0,0.274,2.4173,1,irish_075_5_jig.mid,5.0,irish_folk
/Users/mohammadashraf/Desktop/Thesis-Best/data/processed/irish_folk/midi/irish_076_60_jig.mid,72.0,264,3.667,64,81,17,72.8,90.0,0.273,2.366,1,irish_076_60_jig.mid,60.0,irish_folk
/Users/mohammadashraf/Desktop/Thesis-Best/data/processed/irish_folk/midi/irish_077_62_jig.mid,96.0,372,3.875,66,83,17,74.3,90.0,0.258,2.3779,1,irish_077_62_jig.mid,62.0,irish_folk
/Users/mohammadashraf/Desktop/Thesis-Best/data/processed/irish_folk/midi/irish_078_12_jig.mid,48.0,172,3.583,64,83,19,72.8,90.0,0.279,2.626,1,irish_078_12_jig.mid,12.0,irish_folk
/Users/mohammadashraf/Desktop/Thesis-Best/data/processed/irish_folk/midi/irish_079_15_jig.mid,48.0,159,3.312,66,81,15,74.3,90.0,0.302,2.3871,1,irish_079_15_jig.mid,15.0,irish_folk
/Users/mohammadashraf/Desktop/Thesis-Best/data/processed/irish_folk/midi/irish_080_111_jig.mid,72.0,276,3.833,66,79,13,72.4,90.0,0.261,2.7163,1,irish_080_111_jig.mid,111.0,irish_folk
/Users/mohammadashraf/Desktop/Thesis-Best/data/processed/irish_folk/midi/irish_081_92_jig.mid,48.0,184,3.833,59,76,17,68.5,90.0,0.261,2.5271,1,irish_081_92_jig.mid,92.0,irish_folk
/Users/mohammadashraf/Desktop/Thesis-Best/data/processed/irish_folk/midi/irish_082_76_jig.mid,48.0,178,3.708,66,81,15,72.4,90.0,0.27,2.5744,1,irish_082_76_jig.mid,76.0,irish_folk
/Users/mohammadashraf/Desktop/Thesis-Best/data/processed/irish_folk/midi/irish_083_702_jig.mid,48.0,182,3.792,62,81,19,71.9,90.0,0.264,2.3306,1,irish_083_702_jig.mid,702.0,irish_folk
/Users/mohammadashraf/Desktop/Thesis-Best/data/processed/irish_folk/midi/irish_084_256_jig.mid,48.0,172,3.583,62,83,21,70.9,90.0,0.279,2.3236,1,irish_084_256_jig.mid,256.0,irish_folk
/Users/mohammadashraf/Desktop/Thesis-Best/data/processed/irish_folk/midi/irish_085_67_jig.mid,96.0,372,3.875,62,83,21,70.7,90.0,0.258,2.6185,1,irish_085_67_jig.mid,67.0,irish_folk
/Users/mohammadashraf/Desktop/Thesis-Best/data/processed/irish_folk/midi/irish_086_793_jig.mid,49.5,183,3.697,62,74,12,67.6,90.0,0.27,2.5777,1,irish_086_793_jig.mid,793.0,irish_folk
/Users/mohammadashraf/Desktop/Thesis-Best/data/processed/irish_folk/midi/irish_087_29_jig.mid,168.0,592,3.524,62,81,19,71.3,90.0,0.284,2.5703,1,irish_087_29_jig.mid,29.0,irish_folk
/Users/mohammadashraf/Desktop/Thesis-Best/data/processed/irish_folk/midi/irish_088_88_jig.mid,72.0,264,3.667,62,78,16,67.3,90.0,0.273,2.5892,1,irish_088_88_jig.mid,88.0,irish_folk
/Users/mohammadashraf/Desktop/Thesis-Best/data/processed/irish_folk/midi/irish_089_582_jig.mid,48.0,172,3.583,64,83,19,74.9,90.0,0.279,2.4813,1,irish_089_582_jig.mid,582.0,irish_folk
/Users/mohammadashraf/Desktop/Thesis-Best/data/processed/irish_folk/midi/irish_090_307_jig.mid,48.0,182,3.792,62,79,17,72.8,90.0,0.264,2.5514,1,irish_090_307_jig.mid,307.0,irish_folk
/Users/mohammadashraf/Desktop/Thesis-Best/data/processed/irish_folk/midi/irish_091_381_jig.mid,48.0,176,3.667,62,81,19,70.5,90.0,0.273,2.6373,1,irish_091_381_jig.mid,381.0,irish_folk
/Users/mohammadashraf/Desktop/Thesis-Best/data/processed/irish_folk/midi/irish_092_107_jig.mid,216.0,768,3.556,67,81,14,74.1,90.0,0.281,2.4505,1,irish_092_107_jig.mid,107.0,irish_folk
/Users/mohammadashraf/Desktop/Thesis-Best/data/processed/irish_folk/midi/irish_093_447_jig.mid,144.0,532,3.694,59,83,24,71.9,90.0,0.271,2.4397,1,irish_093_447_jig.mid,447.0,irish_folk
/Users/mohammadashraf/Desktop/Thesis-Best/data/processed/irish_folk/midi/irish_094_544_jig.mid,48.25,177,3.668,62,79,17,70.8,90.0,0.273,2.5552,1,irish_094_544_jig.mid,544.0,irish_folk
/Users/mohammadashraf/Desktop/Thesis-Best/data/processed/irish_folk/midi/irish_095_35_jig.mid,96.0,342,3.562,67,81,14,74.9,90.0,0.281,2.6013,1,irish_095_35_jig.mid,35.0,irish_folk
/Users/mohammadashraf/Desktop/Thesis-Best/data/processed/irish_folk/midi/irish_096_43_jig.mid,48.0,184,3.833,60,81,21,70.4,90.0,0.261,2.1198,1,irish_096_43_jig.mid,43.0,irish_folk
/Users/mohammadashraf/Desktop/Thesis-Best/data/processed/irish_folk/midi/irish_097_26_jig.mid,72.0,262,3.639,62,83,21,70.8,90.0,0.275,2.5001,1,irish_097_26_jig.mid,26.0,irish_folk
/Users/mohammadashraf/Desktop/Thesis-Best/data/processed/irish_folk/midi/irish_098_89_jig.mid,48.0,176,3.667,62,81,19,70.1,90.0,0.273,2.6011,1,irish_098_89_jig.mid,89.0,irish_folk
/Users/mohammadashraf/Desktop/Thesis-Best/data/processed/irish_folk/midi/irish_099_56_jig.mid,48.0,154,3.208,67,79,12,73.0,90.0,0.312,2.4274,1,irish_099_56_jig.mid,56.0,irish_folk
/Users/mohammadashraf/Desktop/Thesis-Best/data/processed/irish_folk/midi/irish_100_45_jig.mid,72.0,274,3.806,62,78,16,68.3,90.0,0.263,2.4137,1,irish_100_45_jig.mid,45.0,irish_folk
/Users/mohammadashraf/Desktop/Thesis-Best/data/processed/irish_folk/midi/irish_101_109_jig.mid,72.0,272,3.778,67,83,16,74.1,90.0,0.265,2.3201,1,irish_101_109_jig.mid,109.0,irish_folk
/Users/mohammadashraf/Desktop/Thesis-Best/data/processed/irish_folk/midi/irish_102_829_jig.mid,24.0,85,3.542,62,81,19,69.1,90.0,0.282,2.5522,1,irish_102_829_jig.mid,829.0,irish_folk
/Users/mohammadashraf/Desktop/Thesis-Best/data/processed/irish_folk/midi/irish_103_139_jig.mid,48.0,152,3.167,62,78,16,69.6,90.0,0.316,2.53,1,irish_103_139_jig.mid,139.0,irish_folk
/Users/mohammadashraf/Desktop/Thesis-Best/data/processed/irish_folk/midi/irish_104_210_jig.mid,96.0,342,3.562,62,81,19,69.5,90.0,0.281,2.733,1,irish_104_210_jig.mid,210.0,irish_folk
/Users/mohammadashraf/Desktop/Thesis-Best/data/processed/irish_folk/midi/irish_105_308_jig.mid,72.0,294,4.083,62,81,19,73.6,90.0,0.245,2.5596,1,irish_105_308_jig.mid,308.0,irish_folk
/Users/mohammadashraf/Desktop/Thesis-Best/data/processed/irish_folk/midi/irish_106_84_jig.mid,72.0,250,3.472,62,83,21,73.0,90.0,0.288,2.5623,1,irish_106_84_jig.mid,84.0,irish_folk
/Users/mohammadashraf/Desktop/Thesis-Best/data/processed/irish_folk/midi/irish_107_151_jig.mid,48.0,184,3.833,66,83,17,74.0,90.0,0.261,2.7769,1,irish_107_151_jig.mid,151.0,irish_folk
/Users/mohammadashraf/Desktop/Thesis-Best/data/processed/irish_folk/midi/irish_108_476_jig.mid,72.0,244,3.389,62,83,21,71.8,90.0,0.295,2.2937,1,irish_108_476_jig.mid,476.0,irish_folk
/Users/mohammadashraf/Desktop/Thesis-Best/data/processed/irish_folk/midi/irish_109_160_jig.mid,48.25,171,3.544,62,83,21,71.2,90.0,0.282,2.6246,1,irish_109_160_jig.mid,160.0,irish_folk
/Users/mohammadashraf/Desktop/Thesis-Best/data/processed/irish_folk/midi/irish_110_335_jig.mid,48.0,186,3.875,67,81,14,74.6,90.0,0.258,2.6883,1,irish_110_335_jig.mid,335.0,irish_folk
/Users/mohammadashraf/Desktop/Thesis-Best/data/processed/irish_folk/midi/irish_111_448_jig.mid,48.0,160,3.333,62,83,21,73.8,90.0,0.3,2.6585,1,irish_111_448_jig.mid,448.0,irish_folk
/Users/mohammadashraf/Desktop/Thesis-Best/data/processed/irish_folk/midi/irish_112_81_jig.mid,169.0,580,3.432,64,83,19,74.5,90.0,0.291,2.5758,1,irish_112_81_jig.mid,81.0,irish_folk
/Users/mohammadashraf/Desktop/Thesis-Best/data/processed/irish_folk/midi/irish_113_91_jig.mid,72.0,280,3.889,62,83,21,71.4,90.0,0.257,2.2633,1,irish_113_91_jig.mid,91.0,irish_folk
/Users/mohammadashraf/Desktop/Thesis-Best/data/processed/irish_folk/midi/irish_114_667_jig.mid,48.0,176,3.667,62,79,17,70.0,90.0,0.312,2.4421,1,irish_114_667_jig.mid,667.0,irish_folk
/Users/mohammadashraf/Desktop/Thesis-Best/data/processed/irish_folk/midi/irish_115_382_jig.mid,72.0,268,3.722,60,83,23,70.7,90.0,0.269,2.4057,1,irish_115_382_jig.mid,382.0,irish_folk
/Users/mohammadashraf/Desktop/Thesis-Best/data/processed/irish_folk/midi/irish_116_1076_jig.mid,48.0,173,3.604,62,81,19,71.6,90.0,0.277,2.6615,1,irish_116_1076_jig.mid,1076.0,irish_folk
/Users/mohammadashraf/Desktop/Thesis-Best/data/processed/irish_folk/midi/irish_117_342_jig.mid,72.0,276,3.833,62,83,21,73.8,90.0,0.261,2.6842,1,irish_117_342_jig.mid,342.0,irish_folk
/Users/mohammadashraf/Desktop/Thesis-Best/data/processed/irish_folk/midi/irish_118_299_jig.mid,72.0,282,3.917,57,83,26,70.6,90.0,0.255,2.6019,1,irish_118_299_jig.mid,299.0,irish_folk
/Users/mohammadashraf/Desktop/Thesis-Best/data/processed/irish_folk/midi/irish_119_775_jig.mid,48.0,178,3.708,62,83,21,73.6,90.0,0.27,2.6423,1,irish_119_775_jig.mid,775.0,irish_folk
/Users/mohammadashraf/Desktop/Thesis-Best/data/processed/irish_folk/midi/irish_120_467_jig.mid,72.0,266,3.694,62,79,17,68.9,90.0,0.271,2.5069,1,irish_120_467_jig.mid,467.0,irish_folk
/Users/mohammadashraf/Desktop/Thesis-Best/data/processed/irish_folk/midi/irish_121_449_waltz.mid,96.5,170,1.762,62,83,21,74.1,90.0,0.568,2.4604,1,irish_121_449_waltz.mid,449.0,irish_folk
/Users/mohammadashraf/Desktop/Thesis-Best/data/processed/irish_folk/midi/irish_122_211_waltz.mid,48.0,135,2.812,62,79,17,71.1,90.0,0.356,2.5187,1,irish_122_211_waltz.mid,211.0,irish_folk
/Users/mohammadashraf/Desktop/Thesis-Best/data/processed/irish_folk/midi/irish_123_4997_waltz.mid,96.0,196,2.042,55,79,24,67.4,90.0,0.49,2.6935,1,irish_123_4997_waltz.mid,4997.0,irish_folk
/Users/mohammadashraf/Desktop/Thesis-Best/data/processed/irish_folk/midi/irish_125_957_waltz.mid,48.0,317,6.604,47,81,34,63.3,90.0,1.268,2.7438,1,irish_125_957_waltz.mid,957.0,irish_folk
/Users/mohammadashraf/Desktop/Thesis-Best/data/processed/irish_folk/midi/irish_126_601_waltz.mid,47.5,80,1.684,62,81,19,71.6,90.0,0.575,2.741,1,irish_126_601_waltz.mid,601.0,irish_folk
/Users/mohammadashraf/Desktop/Thesis-Best/data/processed/irish_folk/midi/irish_127_562_waltz.mid,48.0,145,3.021,62,81,19,73.0,90.0,0.331,2.8694,1,irish_127_562_waltz.mid,562.0,irish_folk
/Users/mohammadashraf/Desktop/Thesis-Best/data/processed/irish_folk/midi/irish_128_790_waltz.mid,48.0,152,3.167,66,83,17,74.0,90.0,0.316,2.7076,1,irish_128_790_waltz.mid,790.0,irish_folk
/Users/mohammadashraf/Desktop/Thesis-Best/data/processed/irish_folk/midi/irish_129_1292_waltz.mid,96.0,233,2.427,62,74,12,67.1,90.0,0.678,2.6587,1,irish_129_1292_waltz.mid,1292.0,irish_folk
/Users/mohammadashraf/Desktop/Thesis-Best/data/processed/irish_folk/midi/irish_130_1016_waltz.mid,29.5,159,5.39,48,79,31,63.4,90.0,1.343,2.7334,1,irish_130_1016_waltz.mid,1016.0,irish_folk
/Users/mohammadashraf/Desktop/Thesis-Best/data/processed/irish_folk/midi/irish_131_1055_waltz.mid,96.5,250,2.591,64,84,20,74.2,90.0,0.386,2.6486,1,irish_131_1055_waltz.mid,1055.0,irish_folk
/Users/mohammadashraf/Desktop/Thesis-Best/data/processed/irish_folk/midi/irish_132_4906_waltz.mid,48.5,89,1.835,60,74,14,67.5,90.0,0.545,2.4317,1,irish_132_4906_waltz.mid,4906.0,irish_folk
/Users/mohammadashraf/Desktop/Thesis-Best/data/processed/irish_folk/midi/irish_133_3690_waltz.mid,37.5,223,5.947,45,74,29,60.4,90.0,1.373,2.6525,1,irish_133_3690_waltz.mid,3690.0,irish_folk
/Users/mohammadashraf/Desktop/Thesis-Best/data/processed/irish_folk/midi/irish_134_187_waltz.mid,48.5,162,3.34,66,81,15,72.8,90.0,0.299,2.7118,1,irish_134_187_waltz.mid,187.0,irish_folk
/Users/mohammadashraf/Desktop/Thesis-Best/data/processed/irish_folk/midi/irish_136_986_waltz.mid,48.0,95,1.979,62,79,17,69.7,90.0,0.505,2.6008,1,irish_136_986_waltz.mid,986.0,irish_folk
/Users/mohammadashraf/Desktop/Thesis-Best/data/processed/irish_folk/midi/irish_137_1678_waltz.mid,48.5,113,2.33,62,79,17,69.7,90.0,0.46,2.6155,1,irish_137_1678_waltz.mid,1678.0,irish_folk
/Users/mohammadashraf/Desktop/Thesis-Best/data/processed/irish_folk/midi/irish_138_441_polka.mid,16.0,67,4.188,62,81,19,73.7,90.0,0.239,2.4629,1,irish_138_441_polka.mid,441.0,irish_folk
/Users/mohammadashraf/Desktop/Thesis-Best/data/processed/irish_folk/midi/irish_139_1075_polka.mid,32.0,114,3.562,69,83,14,75.6,90.0,0.281,2.2474,1,irish_139_1075_polka.mid,1075.0,irish_folk
/Users/mohammadashraf/Desktop/Thesis-Best/data/processed/irish_folk/midi/irish_140_39_polka.mid,32.0,116,3.625,69,81,12,74.0,90.0,0.276,2.3,1,irish_140_39_polka.mid,39.0,irish_folk
/Users/mohammadashraf/Desktop/Thesis-Best/data/processed/irish_folk/midi/irish_141_238_polka.mid,32.0,114,3.562,62,83,21,73.9,90.0,0.281,2.5896,1,irish_141_238_polka.mid,238.0,irish_folk
/Users/mohammadashraf/Desktop/Thesis-Best/data/processed/irish_folk/midi/irish_142_291_polka.mid,48.5,230,4.742,62,79,17,71.8,90.0,0.211,2.5794,1,irish_142_291_polka.mid,291.0,irish_folk
/Users/mohammadashraf/Desktop/Thesis-Best/data/processed/irish_folk/midi/irish_143_357_polka.mid,32.5,149,4.585,62,83,21,73.9,90.0,0.218,2.6867,1,irish_143_357_polka.mid,357.0,irish_folk
/Users/mohammadashraf/Desktop/Thesis-Best/data/processed/irish_folk/midi/irish_144_85_polka.mid,32.0,140,4.375,66,79,13,70.6,90.0,0.229,2.6246,1,irish_144_85_polka.mid,85.0,irish_folk
/Users/mohammadashraf/Desktop/Thesis-Best/data/processed/irish_folk/midi/irish_145_481_polka.mid,32.0,116,3.625,69,81,12,74.4,90.0,0.276,2.3963,1,irish_145_481_polka.mid,481.0,irish_folk
/Users/mohammadashraf/Desktop/Thesis-Best/data/processed/irish_folk/midi/irish_146_239_polka.mid,32.0,114,3.562,67,83,16,74.5,90.0,0.281,2.5241,1,irish_146_239_polka.mid,239.0,irish_folk
/Users/mohammadashraf/Desktop/Thesis-Best/data/processed/irish_folk/midi/irish_147_583_polka.mid,30.0,193,6.433,45,81,36,66.7,90.0,1.288,2.5661,1,irish_147_583_polka.mid,583.0,irish_folk
/Users/mohammadashraf/Desktop/Thesis-Best/data/processed/irish_folk/midi/irish_148_2434_polka.mid,16.25,96,5.908,45,81,36,68.3,90.0,1.242,2.5317,1,irish_148_2434_polka.mid,2434.0,irish_folk
/Users/mohammadashraf/Desktop/Thesis-Best/data/processed/irish_folk/midi/irish_149_418_polka.mid,32.0,128,4.0,66,78,12,73.4,90.0,0.25,2.4347,1,irish_149_418_polka.mid,418.0,irish_folk
/Users/mohammadashraf/Desktop/Thesis-Best/data/processed/irish_folk/midi/irish_150_531_polka.mid,48.0,176,3.667,62,76,14,70.0,90.0,0.273,2.6825,1,irish_150_531_polka.mid,531.0,irish_folk
/Users/mohammadashraf/Desktop/Thesis-Best/data/processed/irish_folk/midi/irish_151_1529_polka.mid,32.0,166,5.188,62,79,17,71.3,90.0,0.193,2.5658,1,irish_151_1529_polka.mid,1529.0,irish_folk
/Users/mohammadashraf/Desktop/Thesis-Best/data/processed/irish_folk/midi/irish_152_466_polka.mid,48.0,192,4.0,66,81,15,74.3,90.0,0.25,2.5908,1,irish_152_466_polka.mid,466.0,irish_folk
/Users/mohammadashraf/Desktop/Thesis-Best/data/processed/irish_folk/midi/irish_153_83_hornpipe.mid,64.0,228,3.562,64,83,19,74.6,90.0,0.281,2.6427,1,irish_153_83_hornpipe.mid,83.0,irish_folk
/Users/mohammadashraf/Desktop/Thesis-Best/data/processed/irish_folk/midi/irish_154_475_hornpipe.mid,96.0,288,3.0,59,81,22,70.9,90.0,0.333,2.7001,1,irish_154_475_hornpipe.mid,475.0,irish_folk
/Users/mohammadashraf/Desktop/Thesis-Best/data/processed/irish_folk/midi/irish_155_49_hornpipe.mid,64.0,256,4.0,62,79,17,71.8,90.0,0.25,2.5078,1,irish_155_49_hornpipe.mid,49.0,irish_folk
/Users/mohammadashraf/Desktop/Thesis-Best/data/processed/irish_folk/midi/irish_156_651_hornpipe.mid,64.0,228,3.562,62,83,21,74.4,90.0,0.281,2.6432,1,irish_156_651_hornpipe.mid,651.0,irish_folk
/Users/mohammadashraf/Desktop/Thesis-Best/data/processed/irish_folk/midi/irish_157_30_hornpipe.mid,64.0,234,3.656,62,79,17,71.6,90.0,0.274,2.4954,1,irish_157_30_hornpipe.mid,30.0,irish_folk
/Users/mohammadashraf/Desktop/Thesis-Best/data/processed/irish_folk/midi/irish_158_566_hornpipe.mid,64.0,340,5.312,45,81,36,66.1,90.0,1.828,2.7591,1,irish_158_566_hornpipe.mid,566.0,irish_folk
/Users/mohammadashraf/Desktop/Thesis-Best/data/processed/irish_folk/midi/irish_159_13_hornpipe.mid,64.0,238,3.719,62,81,19,71.5,90.0,0.269,2.8432,1,irish_159_13_hornpipe.mid,13.0,irish_folk
/Users/mohammadashraf/Desktop/Thesis-Best/data/processed/irish_folk/midi/irish_160_310_hornpipe.mid,96.0,340,3.542,57,83,26,69.8,90.0,0.282,2.3099,1,irish_160_310_hornpipe.mid,310.0,irish_folk
/Users/mohammadashraf/Desktop/Thesis-Best/data/processed/irish_folk/midi/irish_161_1356_hornpipe.mid,64.0,216,3.375,62,81,19,73.0,90.0,0.296,2.4785,1,irish_161_1356_hornpipe.mid,1356.0,irish_folk
/Users/mohammadashraf/Desktop/Thesis-Best/data/processed/irish_folk/midi/irish_162_478_hornpipe.mid,64.0,250,3.906,66,83,17,74.3,90.0,0.256,2.5907,1,irish_162_478_hornpipe.mid,478.0,irish_folk
/Users/mohammadashraf/Desktop/Thesis-Best/data/processed/irish_folk/midi/irish_163_872_hornpipe.mid,64.0,248,3.875,67,86,19,75.8,90.0,0.258,2.8029,1,irish_163_872_hornpipe.mid,872.0,irish_folk
/Users/mohammadashraf/Desktop/Thesis-Best/data/processed/irish_folk/midi/irish_164_82_hornpipe.mid,64.0,176,2.75,62,79,17,69.2,90.0,0.364,2.682,1,irish_164_82_hornpipe.mid,82.0,irish_folk
/Users/mohammadashraf/Desktop/Thesis-Best/data/processed/irish_folk/midi/irish_165_980_hornpipe.mid,64.0,228,3.562,64,83,19,73.6,90.0,0.281,2.4746,1,irish_165_980_hornpipe.mid,980.0,irish_folk
/Users/mohammadashraf/Desktop/Thesis-Best/data/processed/irish_folk/midi/irish_166_38_hornpipe.mid,64.0,226,3.531,61,81,20,69.4,90.0,0.283,2.7261,1,irish_166_38_hornpipe.mid,38.0,irish_folk
/Users/mohammadashraf/Desktop/Thesis-Best/data/processed/irish_folk/midi/irish_167_10_slip_jig.mid,54.0,146,2.704,62,83,21,71.2,90.0,0.37,2.4908,1,irish_167_10_slip_jig.mid,10.0,irish_folk
/Users/mohammadashraf/Desktop/Thesis-Best/data/processed/irish_folk/midi/irish_168_52_slip_jig.mid,90.0,332,3.689,62,83,21,72.0,90.0,0.271,2.5979,1,irish_168_52_slip_jig.mid,52.0,irish_folk
/Users/mohammadashraf/Desktop/Thesis-Best/data/processed/irish_folk/midi/irish_169_750_slip_jig.mid,36.0,123,3.417,62,79,17,71.3,90.0,0.293,2.7189,1,irish_169_750_slip_jig.mid,750.0,irish_folk
/Users/mohammadashraf/Desktop/Thesis-Best/data/processed/irish_folk/midi/irish_170_593_slip_jig.mid,36.0,105,2.917,64,81,17,73.8,90.0,0.343,2.7235,1,irish_170_593_slip_jig.mid,593.0,irish_folk
/Users/mohammadashraf/Desktop/Thesis-Best/data/processed/irish_folk/midi/irish_171_482_slip_jig.mid,72.0,234,3.25,62,83,21,69.8,90.0,0.308,2.61,1,irish_171_482_slip_jig.mid,482.0,irish_folk
/Users/mohammadashraf/Desktop/Thesis-Best/data/processed/irish_folk/midi/irish_172_2410_slip_jig.mid,36.0,115,3.194,64,83,19,73.5,90.0,0.313,2.3076,1,irish_172_2410_slip_jig.mid,2410.0,irish_folk
/Users/mohammadashraf/Desktop/Thesis-Best/data/processed/irish_folk/midi/irish_173_879_slip_jig.mid,90.0,319,3.544,62,83,21,70.1,90.0,0.31,2.732,1,irish_173_879_slip_jig.mid,879.0,irish_folk
/Users/mohammadashraf/Desktop/Thesis-Best/data/processed/irish_folk/midi/irish_174_4320_march.mid,48.0,111,2.312,59,74,15,66.2,90.0,0.432,2.3848,1,irish_174_4320_march.mid,4320.0,irish_folk
/Users/mohammadashraf/Desktop/Thesis-Best/data/processed/irish_folk/midi/irish_175_2516_march.mid,31.0,79,2.548,62,79,17,69.8,90.0,0.392,2.5107,1,irish_175_2516_march.mid,2516.0,irish_folk
/Users/mohammadashraf/Desktop/Thesis-Best/data/processed/irish_folk/midi/irish_176_1308_march.mid,63.5,160,2.52,62,83,21,74.0,90.0,0.397,2.6171,1,irish_176_1308_march.mid,1308.0,irish_folk
/Users/mohammadashraf/Desktop/Thesis-Best/data/processed/irish_folk/midi/irish_177_7_march.mid,64.0,226,3.531,64,81,17,72.5,90.0,0.283,2.473,1,irish_177_7_march.mid,7.0,irish_folk
/Users/mohammadashraf/Desktop/Thesis-Best/data/processed/irish_folk/midi/irish_179_706_march.mid,39.75,239,6.013,45,83,38,66.9,90.0,1.543,2.6681,1,irish_179_706_march.mid,706.0,irish_folk
/Users/mohammadashraf/Desktop/Thesis-Best/data/processed/irish_folk/midi/irish_180_1863_march.mid,64.0,156,2.438,62,81,19,70.7,90.0,0.41,2.743,1,irish_180_1863_march.mid,1863.0,irish_folk
/Users/mohammadashraf/Desktop/Thesis-Best/data/processed/irish_folk/midi/irish_181_1307_barndance.mid,64.0,188,2.938,62,74,12,68.6,90.0,0.34,2.4503,1,irish_181_1307_barndance.mid,1307.0,irish_folk
/Users/mohammadashraf/Desktop/Thesis-Best/data/processed/irish_folk/midi/irish_182_1615_barndance.mid,64.0,228,3.562,64,81,17,71.8,90.0,0.281,2.2798,1,irish_182_1615_barndance.mid,1615.0,irish_folk
/Users/mohammadashraf/Desktop/Thesis-Best/data/processed/irish_folk/midi/irish_183_2067_barndance.mid,64.0,258,4.031,57,78,21,67.1,90.0,0.25,2.4954,1,irish_183_2067_barndance.mid,2067.0,irish_folk
/Users/mohammadashraf/Desktop/Thesis-Best/data/processed/irish_folk/midi/irish_184_444_barndance.mid,64.0,207,3.234,62,79,17,70.4,90.0,0.3,2.424,1,irish_184_444_barndance.mid,444.0,irish_folk
/Users/mohammadashraf/Desktop/Thesis-Best/data/processed/irish_folk/midi/irish_185_4577_barndance.mid,95.5,260,2.723,62,79,17,70.4,90.0,0.356,2.2003,1,irish_185_4577_barndance.mid,4577.0,irish_folk
/Users/mohammadashraf/Desktop/Thesis-Best/data/processed/irish_folk/midi/irish_186_1376_barndance.mid,96.5,344,3.565,62,79,17,70.2,90.0,0.366,2.5546,1,irish_186_1376_barndance.mid,1376.0,irish_folk
/Users/mohammadashraf/Desktop/Thesis-Best/data/processed/irish_folk/midi/irish_187_3016_strathspey.mid,64.0,194,3.031,59,78,19,68.2,90.0,0.33,2.4497,1,irish_187_3016_strathspey.mid,3016.0,irish_folk
/Users/mohammadashraf/Desktop/Thesis-Best/data/processed/irish_folk/midi/irish_188_1746_strathspey.mid,32.25,144,4.465,67,81,14,73.5,90.0,0.224,2.2602,1,irish_188_1746_strathspey.mid,1746.0,irish_folk
/Users/mohammadashraf/Desktop/Thesis-Best/data/processed/irish_folk/midi/irish_189_647_strathspey.mid,32.0,110,3.438,67,81,14,72.3,90.0,0.291,2.2696,1,irish_189_647_strathspey.mid,647.0,irish_folk
/Users/mohammadashraf/Desktop/Thesis-Best/data/processed/irish_folk/midi/irish_190_170_strathspey.mid,64.0,288,4.5,64,83,19,74.3,90.0,0.222,2.6875,1,irish_190_170_strathspey.mid,170.0,irish_folk
/Users/mohammadashraf/Desktop/Thesis-Best/data/processed/irish_folk/midi/irish_192_250_slide.mid,48.0,138,2.875,62,79,17,71.1,90.0,0.348,2.6291,1,irish_192_250_slide.mid,250.0,irish_folk
/Users/mohammadashraf/Desktop/Thesis-Best/data/processed/irish_folk/midi/irish_193_70_slide.mid,72.0,250,3.472,62,83,21,70.5,90.0,0.288,2.2289,1,irish_193_70_slide.mid,70.0,irish_folk
/Users/mohammadashraf/Desktop/Thesis-Best/data/processed/irish_folk/midi/irish_194_53_slide.mid,48.0,134,2.792,67,83,16,73.9,90.0,0.358,2.3981,1,irish_194_53_slide.mid,53.0,irish_folk
/Users/mohammadashraf/Desktop/Thesis-Best/data/processed/irish_folk/midi/irish_195_1398_slide.mid,48.0,132,2.75,62,81,19,70.6,90.0,0.364,2.6315,1,irish_195_1398_slide.mid,1398.0,irish_folk
/Users/mohammadashraf/Desktop/Thesis-Best/data/processed/irish_folk/midi/irish_196_5476_mazurka.mid,48.0,154,3.208,62,81,19,72.8,90.0,0.312,2.5753,1,irish_196_5476_mazurka.mid,5476.0,irish_folk
/Users/mohammadashraf/Desktop/Thesis-Best/data/processed/irish_folk/midi/irish_197_2320_mazurka.mid,48.5,112,2.309,62,79,17,69.5,90.0,0.433,2.5906,1,irish_197_2320_mazurka.mid,2320.0,irish_folk
/Users/mohammadashraf/Desktop/Thesis-Best/data/processed/irish_folk/midi/irish_198_2081_three-two.mid,24.0,82,3.417,64,76,12,71.2,90.0,0.293,2.1676,1,irish_198_2081_three-two.mid,2081.0,irish_folk
/Users/mohammadashraf/Desktop/Thesis-Best/data/processed/irish_folk/midi/irish_199_5151_three-two.mid,72.0,270,3.75,67,81,14,75.1,90.0,0.267,2.08,1,irish_199_5151_three-two.mid,5151.0,irish_folk
