path,duration_s,note_count,note_density,pitch_min,pitch_max,pitch_range,avg_pitch,avg_velocity,avg_note_dur_s,pc_entropy,n_instruments,filename,tradition
/Users/mohammadashraf/Desktop/Thesis-Best/data/processed/carnatic/midi/carnatic_000_Shloka_Sri_Ramachandra_Shrita_.mid,27.35,99,3.62,46,73,27,59.1,64.0,0.331,2.7547,1,carnatic_000_Shloka_Sri_Ramachandra_Shrita_.mid,carnatic
/Users/mohammadashraf/Desktop/Thesis-Best/data/processed/carnatic/midi/carnatic_001_Nera_Nammiti.mid,544.94,1951,3.58,37,78,41,60.5,61.8,0.239,2.7419,1,carnatic_001_Nera_Nammiti.mid,carnatic
/Users/mohammadashraf/Desktop/Thesis-Best/data/processed/carnatic/midi/carnatic_002_shanmukhapriya.mid,749.91,3832,5.11,39,81,42,63.3,57.3,0.219,2.0348,1,carnatic_002_shanmukhapriya.mid,carnatic
/Users/mohammadashraf/Desktop/Thesis-Best/data/processed/carnatic/midi/carnatic_003_sindhubhairavi.mid,324.79,1650,5.08,43,101,58,63.0,61.0,0.243,2.6858,1,carnatic_003_sindhubhairavi.mid,carnatic
/Users/mohammadashraf/Desktop/Thesis-Best/data/processed/carnatic/midi/carnatic_004_sahana.mid,335.41,1759,5.244,43,81,38,62.8,58.6,0.222,2.3506,1,carnatic_004_sahana.mid,carnatic
/Users/mohammadashraf/Desktop/Thesis-Best/data/processed/carnatic/midi/carnatic_005_kamavardani.mid,1597.68,6792,4.251,40,101,61,64.4,61.1,0.254,2.055,1,carnatic_005_kamavardani.mid,carnatic
/Users/mohammadashraf/Desktop/Thesis-Best/data/processed/carnatic/midi/carnatic_006_madyamavati.mid,92.1,212,2.302,31,73,42,57.0,60.8,0.239,3.228,1,carnatic_006_madyamavati.mid,carnatic
/Users/mohammadashraf/Desktop/Thesis-Best/data/processed/carnatic/midi/carnatic_007_padi.mid,484.29,1311,2.707,31,86,55,58.4,59.0,0.232,3.3348,1,carnatic_007_padi.mid,carnatic
/Users/mohammadashraf/Desktop/Thesis-Best/data/processed/carnatic/midi/carnatic_008_thodi.mid,1631.65,3097,1.898,31,94,63,58.6,56.8,0.247,2.9287,1,carnatic_008_thodi.mid,carnatic
/Users/mohammadashraf/Desktop/Thesis-Best/data/processed/carnatic/midi/carnatic_009_simhendra_madhyamam.mid,3584.05,4967,1.386,31,94,63,58.8,57.1,0.259,2.8896,1,carnatic_009_simhendra_madhyamam.mid,carnatic
/Users/mohammadashraf/Desktop/Thesis-Best/data/processed/carnatic/midi/carnatic_010_manirangu.mid,380.45,925,2.431,41,86,45,54.6,56.2,0.249,2.9189,1,carnatic_010_manirangu.mid,carnatic
/Users/mohammadashraf/Desktop/Thesis-Best/data/processed/carnatic/midi/carnatic_011_kalyani.mid,371.08,1103,2.972,42,93,51,57.5,57.9,0.233,3.2739,1,carnatic_011_kalyani.mid,carnatic
/Users/mohammadashraf/Desktop/Thesis-Best/data/processed/carnatic/midi/carnatic_012_harikambhoji.mid,393.23,878,2.233,41,94,53,57.0,56.0,0.242,3.201,1,carnatic_012_harikambhoji.mid,carnatic
/Users/mohammadashraf/Desktop/Thesis-Best/data/processed/carnatic/midi/carnatic_013_janaranjani.mid,794.1,1615,2.034,30,102,72,56.1,57.5,0.263,3.2423,1,carnatic_013_janaranjani.mid,carnatic
/Users/mohammadashraf/Desktop/Thesis-Best/data/processed/carnatic/midi/carnatic_014_natakapriya.mid,2958.97,4053,1.37,30,102,72,58.4,58.5,0.287,3.2635,1,carnatic_014_natakapriya.mid,carnatic
/Users/mohammadashraf/Desktop/Thesis-Best/data/processed/carnatic/midi/carnatic_015_behag.mid,336.26,767,2.281,44,86,42,57.5,54.2,0.228,3.0472,1,carnatic_015_behag.mid,carnatic
/Users/mohammadashraf/Desktop/Thesis-Best/data/processed/carnatic/midi/carnatic_016_vasanta.mid,297.05,1152,3.878,43,88,45,63.2,58.5,0.233,2.463,1,carnatic_016_vasanta.mid,carnatic
/Users/mohammadashraf/Desktop/Thesis-Best/data/processed/carnatic/midi/carnatic_017_Tillana.mid,247.12,1144,4.629,31,79,48,60.3,58.9,0.26,2.8194,1,carnatic_017_Tillana.mid,carnatic
/Users/mohammadashraf/Desktop/Thesis-Best/data/processed/carnatic/midi/carnatic_018_chittaranjani.mid,251.07,1098,4.373,31,98,67,58.4,60.1,0.339,2.7531,1,carnatic_018_chittaranjani.mid,carnatic
/Users/mohammadashraf/Desktop/Thesis-Best/data/processed/carnatic/midi/carnatic_019_kedaram.mid,767.87,1887,2.457,30,94,64,61.3,61.8,0.233,3.0005,1,carnatic_019_kedaram.mid,carnatic
/Users/mohammadashraf/Desktop/Thesis-Best/data/processed/carnatic/midi/carnatic_020_chakravakam.mid,636.5,1504,2.363,30,98,68,62.4,57.9,0.228,3.2253,1,carnatic_020_chakravakam.mid,carnatic
/Users/mohammadashraf/Desktop/Thesis-Best/data/processed/carnatic/midi/carnatic_021_saranga.mid,348.78,936,2.684,30,94,64,61.3,57.0,0.222,3.0266,1,carnatic_021_saranga.mid,carnatic
/Users/mohammadashraf/Desktop/Thesis-Best/data/processed/carnatic/midi/carnatic_022_rasikapriya.mid,1579.21,7048,4.463,38,101,63,61.1,66.8,0.301,2.7738,1,carnatic_022_rasikapriya.mid,carnatic
/Users/mohammadashraf/Desktop/Thesis-Best/data/processed/carnatic/midi/carnatic_023_thodi.mid,2220.83,8009,3.606,31,97,66,61.3,62.9,0.297,2.712,1,carnatic_023_thodi.mid,carnatic
/Users/mohammadashraf/Desktop/Thesis-Best/data/processed/carnatic/midi/carnatic_024_Gange_Maam_Pahi.mid,247.03,1237,5.007,39,86,47,59.0,63.5,0.253,2.6389,1,carnatic_024_Gange_Maam_Pahi.mid,carnatic
/Users/mohammadashraf/Desktop/Thesis-Best/data/processed/carnatic/midi/carnatic_025_kadanakutuhulam.mid,247.81,641,2.587,30,83,53,60.8,58.9,0.223,3.2218,1,carnatic_025_kadanakutuhulam.mid,carnatic
/Users/mohammadashraf/Desktop/Thesis-Best/data/processed/carnatic/midi/carnatic_026_Gopi_Gopala_Bala.mid,474.58,1434,3.022,30,79,49,62.5,63.5,0.228,2.922,1,carnatic_026_Gopi_Gopala_Bala.mid,carnatic
/Users/mohammadashraf/Desktop/Thesis-Best/data/processed/carnatic/midi/carnatic_027_ragamalika.mid,418.15,1118,2.674,30,93,63,62.0,60.5,0.243,3.2865,1,carnatic_027_ragamalika.mid,carnatic
/Users/mohammadashraf/Desktop/Thesis-Best/data/processed/carnatic/midi/carnatic_028_ragamalika.mid,313.48,1072,3.42,30,82,52,61.3,63.1,0.232,3.3536,1,carnatic_028_ragamalika.mid,carnatic
/Users/mohammadashraf/Desktop/Thesis-Best/data/processed/carnatic/midi/carnatic_029_Budham_Aashrayami.mid,1133.03,4603,4.063,40,90,50,62.2,65.9,0.261,2.4108,1,carnatic_029_Budham_Aashrayami.mid,carnatic
/Users/mohammadashraf/Desktop/Thesis-Best/data/processed/carnatic/midi/carnatic_030_Sami_Dayajuda.mid,444.37,1425,3.207,40,76,36,62.2,63.1,0.255,2.4872,1,carnatic_030_Sami_Dayajuda.mid,carnatic
/Users/mohammadashraf/Desktop/Thesis-Best/data/processed/carnatic/midi/carnatic_031_RTP_Andholika.mid,2316.86,7057,3.046,40,102,62,63.0,62.5,0.263,2.6734,1,carnatic_031_RTP_Andholika.mid,carnatic
/Users/mohammadashraf/Desktop/Thesis-Best/data/processed/carnatic/midi/carnatic_032_Sarasamukhi_Sakala.mid,265.08,941,3.55,40,80,40,61.3,61.8,0.222,2.4481,1,carnatic_032_Sarasamukhi_Sakala.mid,carnatic
/Users/mohammadashraf/Desktop/Thesis-Best/data/processed/carnatic/midi/carnatic_033_nadanamakriya.mid,122.24,635,5.195,41,85,44,59.9,62.9,0.219,2.3679,1,carnatic_033_nadanamakriya.mid,carnatic
/Users/mohammadashraf/Desktop/Thesis-Best/data/processed/carnatic/midi/carnatic_034_madyamavati.mid,207.09,665,3.211,36,86,50,55.6,59.6,0.22,2.5875,1,carnatic_034_madyamavati.mid,carnatic
/Users/mohammadashraf/Desktop/Thesis-Best/data/processed/carnatic/midi/carnatic_035_punnaga_varali.mid,230.42,853,3.702,41,75,34,58.1,60.9,0.215,2.2296,1,carnatic_035_punnaga_varali.mid,carnatic
/Users/mohammadashraf/Desktop/Thesis-Best/data/processed/carnatic/midi/carnatic_036_jaganmohini.mid,710.94,2488,3.5,40,84,44,60.9,58.2,0.225,2.1136,1,carnatic_036_jaganmohini.mid,carnatic
/Users/mohammadashraf/Desktop/Thesis-Best/data/processed/carnatic/midi/carnatic_037_mandhari.mid,466.98,1620,3.469,41,76,35,59.5,58.3,0.224,2.0983,1,carnatic_037_mandhari.mid,carnatic
/Users/mohammadashraf/Desktop/Thesis-Best/data/processed/carnatic/midi/carnatic_038_vakulabharanam.mid,1316.81,5295,4.021,36,88,52,58.1,60.5,0.244,2.6088,1,carnatic_038_vakulabharanam.mid,carnatic
/Users/mohammadashraf/Desktop/Thesis-Best/data/processed/carnatic/midi/carnatic_039_Dharini_Telusukonti.mid,2001.07,7677,3.836,31,96,65,62.3,63.1,0.254,2.721,1,carnatic_039_Dharini_Telusukonti.mid,carnatic
/Users/mohammadashraf/Desktop/Thesis-Best/data/processed/carnatic/midi/carnatic_040_Karuna_Ela_Gante.mid,931.69,4118,4.42,31,92,61,62.7,65.2,0.255,2.7691,1,carnatic_040_Karuna_Ela_Gante.mid,carnatic
/Users/mohammadashraf/Desktop/Thesis-Best/data/processed/carnatic/midi/carnatic_041_Gam_Ganapate.mid,444.23,1814,4.083,41,88,47,63.7,64.7,0.224,2.4301,1,carnatic_041_Gam_Ganapate.mid,carnatic
/Users/mohammadashraf/Desktop/Thesis-Best/data/processed/carnatic/midi/carnatic_042_Kailasapathe.mid,2671.07,10696,4.004,39,88,49,63.2,65.8,0.246,2.6111,1,carnatic_042_Kailasapathe.mid,carnatic
/Users/mohammadashraf/Desktop/Thesis-Best/data/processed/carnatic/midi/carnatic_043_Lalitha_Lavanga.mid,318.19,1530,4.808,39,79,40,61.9,71.7,0.243,2.8034,1,carnatic_043_Lalitha_Lavanga.mid,carnatic
/Users/mohammadashraf/Desktop/Thesis-Best/data/processed/carnatic/midi/carnatic_044_Tolinenu_Jesina.mid,257.11,1057,4.111,41,88,47,61.6,65.4,0.217,2.7656,1,carnatic_044_Tolinenu_Jesina.mid,carnatic
/Users/mohammadashraf/Desktop/Thesis-Best/data/processed/carnatic/midi/carnatic_045_Neene_Ballideno.mid,799.05,2526,3.161,44,86,42,65.1,65.1,0.258,2.5775,1,carnatic_045_Neene_Ballideno.mid,carnatic
/Users/mohammadashraf/Desktop/Thesis-Best/data/processed/carnatic/midi/carnatic_046_Paragu_Matada.mid,1390.59,3965,2.851,31,104,73,66.0,63.3,0.269,2.9626,1,carnatic_046_Paragu_Matada.mid,carnatic
/Users/mohammadashraf/Desktop/Thesis-Best/data/processed/carnatic/midi/carnatic_047_Tamburi_Mitidava.mid,187.8,659,3.509,44,80,36,65.1,67.3,0.22,2.8228,1,carnatic_047_Tamburi_Mitidava.mid,carnatic
/Users/mohammadashraf/Desktop/Thesis-Best/data/processed/carnatic/midi/carnatic_048_bhairavi.mid,3131.69,5560,1.775,30,99,69,63.2,61.2,0.281,3.1694,1,carnatic_048_bhairavi.mid,carnatic
/Users/mohammadashraf/Desktop/Thesis-Best/data/processed/carnatic/midi/carnatic_049_Gamakakriya.mid,1720.51,3738,2.173,30,89,59,63.9,61.0,0.258,3.1156,1,carnatic_049_Gamakakriya.mid,carnatic
/Users/mohammadashraf/Desktop/Thesis-Best/data/processed/carnatic/midi/carnatic_050_kalgada.mid,254.96,653,2.561,30,99,69,59.8,61.4,0.26,2.8925,1,carnatic_050_kalgada.mid,carnatic
/Users/mohammadashraf/Desktop/Thesis-Best/data/processed/carnatic/midi/carnatic_051_Dorakuna.mid,2044.02,7700,3.767,28,102,74,63.8,67.7,0.258,2.6762,1,carnatic_051_Dorakuna.mid,carnatic
/Users/mohammadashraf/Desktop/Thesis-Best/data/processed/carnatic/midi/carnatic_052_Ganamuda_Panam.mid,1775.56,6963,3.922,31,95,64,63.9,68.2,0.265,2.8207,1,carnatic_052_Ganamuda_Panam.mid,carnatic
/Users/mohammadashraf/Desktop/Thesis-Best/data/processed/carnatic/midi/carnatic_053_riti_gaula.mid,1355.04,3348,2.471,38,106,68,61.4,63.5,0.267,3.1924,1,carnatic_053_riti_gaula.mid,carnatic
/Users/mohammadashraf/Desktop/Thesis-Best/data/processed/carnatic/midi/carnatic_054_Shlokham.mid,2340.88,4614,1.971,38,106,68,63.5,60.7,0.262,3.2072,1,carnatic_054_Shlokham.mid,carnatic
/Users/mohammadashraf/Desktop/Thesis-Best/data/processed/carnatic/midi/carnatic_055_gambhira_nata.mid,379.19,705,1.859,42,101,59,58.9,63.8,0.236,2.6242,1,carnatic_055_gambhira_nata.mid,carnatic
/Users/mohammadashraf/Desktop/Thesis-Best/data/processed/carnatic/midi/carnatic_056_thodi.mid,192.25,380,1.977,43,73,30,60.0,57.6,0.228,2.6951,1,carnatic_056_thodi.mid,carnatic
/Users/mohammadashraf/Desktop/Thesis-Best/data/processed/carnatic/midi/carnatic_057_Janakipathe.mid,1791.39,6204,3.463,42,103,61,66.1,66.5,0.237,3.0687,1,carnatic_057_Janakipathe.mid,carnatic
/Users/mohammadashraf/Desktop/Thesis-Best/data/processed/carnatic/midi/carnatic_058_Kanakangaka_Guha.mid,273.51,1146,4.19,44,90,46,62.1,65.0,0.216,2.7846,1,carnatic_058_Kanakangaka_Guha.mid,carnatic
/Users/mohammadashraf/Desktop/Thesis-Best/data/processed/carnatic/midi/carnatic_059_Vinakayunna_Della.mid,1153.46,4154,3.601,44,102,58,66.8,69.0,0.246,2.5527,1,carnatic_059_Vinakayunna_Della.mid,carnatic
