path,duration_s,note_count,note_density,pitch_min,pitch_max,pitch_range,avg_pitch,avg_velocity,avg_note_dur_s,pc_entropy,n_instruments,filename,makam,tradition
/Users/mohammadashraf/Desktop/Thesis-Best/data/processed/turkish_makam/midi/symbtr_000_rast_seyir.mid,47.9,85,1.775,62,81,19,71.9,96.0,0.536,2.8305,1,symbtr_000_rast_seyir.mid,rast,turkish_makam
/Users/mohammadashraf/Desktop/Thesis-Best/data/processed/turkish_makam/midi/symbtr_001_neva_seyir.mid,79.9,120,1.502,67,84,17,75.4,96.0,0.633,2.8438,1,symbtr_001_neva_seyir.mid,neva,turkish_makam
/Users/mohammadashraf/Desktop/Thesis-Best/data/processed/turkish_makam/midi/symbtr_002_sababuselik_kupe.mid,71.85,99,1.378,68,80,12,72.7,96.0,0.707,2.8022,1,symbtr_002_sababuselik_kupe.mid,sababuselik,turkish_makam
/Users/mohammadashraf/Desktop/Thesis-Best/data/processed/turkish_makam/midi/symbtr_003_rast_sarki.mid,273.45,418,1.529,62,79,17,71.0,96.0,0.625,2.8265,1,symbtr_003_rast_sarki.mid,rast,turkish_makam
/Users/mohammadashraf/Desktop/Thesis-Best/data/processed/turkish_makam/midi/symbtr_004_suzidilara_kupe.mid,65.8,115,1.748,66,79,13,71.2,96.0,0.558,2.8159,1,symbtr_004_suzidilara_kupe.mid,suzidilara,turkish_makam
/Users/mohammadashraf/Desktop/Thesis-Best/data/processed/turkish_makam/midi/symbtr_005_hicaz_turku.mid,151.5,420,2.772,69,77,8,72.8,96.0,0.344,2.4929,1,symbtr_005_hicaz_turku.mid,hicaz,turkish_makam
/Users/mohammadashraf/Desktop/Thesis-Best/data/processed/turkish_makam/midi/symbtr_006_rast_karsilama.mid,59.93,197,3.287,67,84,17,74.1,96.0,0.289,2.9492,1,symbtr_006_rast_karsilama.mid,rast,turkish_makam
/Users/mohammadashraf/Desktop/Thesis-Best/data/processed/turkish_makam/midi/symbtr_007_hicaz_uzzal_seyir.mid,43.55,50,1.148,69,83,14,75.6,96.0,0.829,2.9157,1,symbtr_007_hicaz_uzzal_seyir.mid,hicaz,turkish_makam
/Users/mohammadashraf/Desktop/Thesis-Best/data/processed/turkish_makam/midi/symbtr_008_mahur_sarki.mid,0.0,0,0.0,0,0,0,0.0,0.0,0.0,-0.0,0,symbtr_008_mahur_sarki.mid,mahur,turkish_makam
/Users/mohammadashraf/Desktop/Thesis-Best/data/processed/turkish_makam/midi/symbtr_009_nisabur_kupe.mid,39.91,70,1.754,69,81,12,74.9,96.0,0.551,2.7077,1,symbtr_009_nisabur_kupe.mid,nisabur,turkish_makam
/Users/mohammadashraf/Desktop/Thesis-Best/data/processed/turkish_makam/midi/symbtr_010_huzi_turku.mid,99.95,264,2.641,69,79,10,73.8,96.0,0.364,2.4949,1,symbtr_010_huzi_turku.mid,huzi,turkish_makam
/Users/mohammadashraf/Desktop/Thesis-Best/data/processed/turkish_makam/midi/symbtr_011_ussak_ilahi.mid,59.99,120,2.0,67,81,14,72.7,96.0,0.486,2.6861,1,symbtr_011_ussak_ilahi.mid,ussak,turkish_makam
/Users/mohammadashraf/Desktop/Thesis-Best/data/processed/turkish_makam/midi/symbtr_012_beyati_sarki.mid,115.14,238,2.067,69,84,15,75.7,96.0,0.464,2.971,1,symbtr_012_beyati_sarki.mid,beyati,turkish_makam
/Users/mohammadashraf/Desktop/Thesis-Best/data/processed/turkish_makam/midi/symbtr_013_zirefkend_pesrev.mid,146.5,196,1.338,62,86,24,77.2,96.0,0.709,2.9876,1,symbtr_013_zirefkend_pesrev.mid,zirefkend,turkish_makam
/Users/mohammadashraf/Desktop/Thesis-Best/data/processed/turkish_makam/midi/symbtr_014_segah_sarki.mid,167.92,355,2.114,67,84,17,75.9,95.3,0.441,3.1031,1,symbtr_014_segah_sarki.mid,segah,turkish_makam
/Users/mohammadashraf/Desktop/Thesis-Best/data/processed/turkish_makam/midi/symbtr_015_acembuselik_sarki.mid,81.36,203,2.495,67,86,19,76.3,96.0,0.385,3.1459,1,symbtr_015_acembuselik_sarki.mid,acembuselik,turkish_makam
/Users/mohammadashraf/Desktop/Thesis-Best/data/processed/turkish_makam/midi/symbtr_016_hicaz_rumeliturkusu.mid,123.0,352,2.862,67,77,10,72.8,96.0,0.334,2.4256,1,symbtr_016_hicaz_rumeliturkusu.mid,hicaz,turkish_makam
/Users/mohammadashraf/Desktop/Thesis-Best/data/processed/turkish_makam/midi/symbtr_017_sevk_icedid_kupe.mid,39.95,85,2.128,67,84,17,76.0,96.0,0.457,3.1024,1,symbtr_017_sevk_icedid_kupe.mid,sevk,turkish_makam
/Users/mohammadashraf/Desktop/Thesis-Best/data/processed/turkish_makam/midi/symbtr_018_evicbuselik_kupe.mid,71.85,97,1.35,68,84,16,75.7,96.0,0.721,3.0852,1,symbtr_018_evicbuselik_kupe.mid,evicbuselik,turkish_makam
/Users/mohammadashraf/Desktop/Thesis-Best/data/processed/turkish_makam/midi/symbtr_019_mahur_sarki.mid,155.24,520,3.35,64,84,20,75.7,89.5,0.286,2.93,1,symbtr_019_mahur_sarki.mid,mahur,turkish_makam
/Users/mohammadashraf/Desktop/Thesis-Best/data/processed/turkish_makam/midi/symbtr_020_neva_kurdi_kupe.mid,39.91,81,2.03,67,81,14,75.1,96.0,0.478,2.9067,1,symbtr_020_neva_kurdi_kupe.mid,neva,turkish_makam
/Users/mohammadashraf/Desktop/Thesis-Best/data/processed/turkish_makam/midi/symbtr_021_hicazkar_pesrev.mid,651.42,1203,1.847,62,82,20,73.2,96.0,0.502,3.029,1,symbtr_021_hicazkar_pesrev.mid,hicazkar,turkish_makam
/Users/mohammadashraf/Desktop/Thesis-Best/data/processed/turkish_makam/midi/symbtr_022_beyati_agirsemai.mid,239.85,371,1.547,67,84,17,74.5,96.0,0.629,2.9478,1,symbtr_022_beyati_agirsemai.mid,beyati,turkish_makam
/Users/mohammadashraf/Desktop/Thesis-Best/data/processed/turkish_makam/midi/symbtr_023_hicazbuselik_kupe.mid,71.85,101,1.406,68,79,11,73.4,96.0,0.693,3.0713,1,symbtr_023_hicazbuselik_kupe.mid,hicazbuselik,turkish_makam
/Users/mohammadashraf/Desktop/Thesis-Best/data/processed/turkish_makam/midi/symbtr_024_mahur_agirsemai.mid,98.98,249,2.516,66,84,18,75.6,96.0,0.37,2.9568,1,symbtr_024_mahur_agirsemai.mid,mahur,turkish_makam
/Users/mohammadashraf/Desktop/Thesis-Best/data/processed/turkish_makam/midi/symbtr_025_rahatfeza_kupe.mid,59.97,93,1.551,66,82,16,74.4,96.0,0.617,2.8954,1,symbtr_025_rahatfeza_kupe.mid,rahatfeza,turkish_makam
/Users/mohammadashraf/Desktop/Thesis-Best/data/processed/turkish_makam/midi/symbtr_026_tahir_turku.mid,178.37,572,3.207,67,84,17,75.3,95.7,0.301,2.7351,1,symbtr_026_tahir_turku.mid,tahir,turkish_makam
/Users/mohammadashraf/Desktop/Thesis-Best/data/processed/turkish_makam/midi/symbtr_027_gerdaniye_turku.mid,100.01,294,2.94,67,84,17,73.6,96.0,0.325,2.625,1,symbtr_027_gerdaniye_turku.mid,gerdaniye,turkish_makam
/Users/mohammadashraf/Desktop/Thesis-Best/data/processed/turkish_makam/midi/symbtr_028_beyati_sazsemaisi.mid,253.92,619,2.438,67,84,17,73.9,96.0,0.374,2.7568,1,symbtr_028_beyati_sazsemaisi.mid,beyati,turkish_makam
/Users/mohammadashraf/Desktop/Thesis-Best/data/processed/turkish_makam/midi/symbtr_029_segah_aranagme.mid,31.95,70,2.191,67,81,14,74.5,96.0,0.434,2.5628,1,symbtr_029_segah_aranagme.mid,segah,turkish_makam
/Users/mohammadashraf/Desktop/Thesis-Best/data/processed/turkish_makam/midi/symbtr_030_saba_aranagme.mid,39.92,90,2.255,69,84,15,75.4,96.0,0.422,2.9287,1,symbtr_030_saba_aranagme.mid,saba,turkish_makam
/Users/mohammadashraf/Desktop/Thesis-Best/data/processed/turkish_makam/midi/symbtr_031_rehavi_beste.mid,0.0,0,0.0,0,0,0,0.0,0.0,0.0,-0.0,0,symbtr_031_rehavi_beste.mid,rehavi,turkish_makam
/Users/mohammadashraf/Desktop/Thesis-Best/data/processed/turkish_makam/midi/symbtr_032_yegah_agirsemai.mid,252.7,548,2.169,62,84,22,73.5,95.6,0.441,2.9346,1,symbtr_032_yegah_agirsemai.mid,yegah,turkish_makam
/Users/mohammadashraf/Desktop/Thesis-Best/data/processed/turkish_makam/midi/symbtr_033_beyatibuselik_kupe.mid,71.85,96,1.336,68,81,13,74.2,96.0,0.729,2.8572,1,symbtr_033_beyatibuselik_kupe.mid,beyatibuselik,turkish_makam
/Users/mohammadashraf/Desktop/Thesis-Best/data/processed/turkish_makam/midi/symbtr_034_yeni_cargah_destan.mid,120.84,242,2.003,67,82,15,74.9,96.0,0.474,2.8472,1,symbtr_034_yeni_cargah_destan.mid,yeni,turkish_makam
/Users/mohammadashraf/Desktop/Thesis-Best/data/processed/turkish_makam/midi/symbtr_035_sedaraban_sarki.mid,125.42,334,2.663,62,84,22,73.2,96.0,0.365,2.8822,1,symbtr_035_sedaraban_sarki.mid,sedaraban,turkish_makam
/Users/mohammadashraf/Desktop/Thesis-Best/data/processed/turkish_makam/midi/symbtr_036_sivenuma_beste.mid,111.9,194,1.734,62,86,24,72.9,96.0,0.554,3.1302,1,symbtr_036_sivenuma_beste.mid,sivenuma,turkish_makam
/Users/mohammadashraf/Desktop/Thesis-Best/data/processed/turkish_makam/midi/symbtr_037_nisaburek_sarki.mid,278.45,591,2.122,69,86,17,75.0,96.0,0.428,2.969,1,symbtr_037_nisaburek_sarki.mid,nisaburek,turkish_makam
/Users/mohammadashraf/Desktop/Thesis-Best/data/processed/turkish_makam/midi/symbtr_038_sazkar_agirsemai.mid,129.41,301,2.326,62,81,19,72.3,96.0,0.419,3.0401,1,symbtr_038_sazkar_agirsemai.mid,sazkar,turkish_makam
/Users/mohammadashraf/Desktop/Thesis-Best/data/processed/turkish_makam/midi/symbtr_039_buselik_agirsemai.mid,0.0,0,0.0,0,0,0,0.0,0.0,0.0,-0.0,0,symbtr_039_buselik_agirsemai.mid,buselik,turkish_makam
/Users/mohammadashraf/Desktop/Thesis-Best/data/processed/turkish_makam/midi/symbtr_040_suzidil_kupe.mid,46.97,97,2.065,64,84,20,73.6,96.0,0.471,2.7426,1,symbtr_040_suzidil_kupe.mid,suzidil,turkish_makam
/Users/mohammadashraf/Desktop/Thesis-Best/data/processed/turkish_makam/midi/symbtr_041_hicazkarkurdi_seyir.mid,47.92,69,1.44,67,84,17,77.2,96.0,0.661,2.7287,1,symbtr_041_hicazkarkurdi_seyir.mid,hicazkarkurdi,turkish_makam
/Users/mohammadashraf/Desktop/Thesis-Best/data/processed/turkish_makam/midi/symbtr_042_yegah_sarki.mid,224.65,314,1.398,61,84,23,72.0,89.3,0.685,2.8599,1,symbtr_042_yegah_sarki.mid,yegah,turkish_makam
/Users/mohammadashraf/Desktop/Thesis-Best/data/processed/turkish_makam/midi/symbtr_043_acemkurdi_aranagme.mid,73.77,128,1.735,67,82,15,74.3,95.8,0.548,2.7962,1,symbtr_043_acemkurdi_aranagme.mid,acemkurdi,turkish_makam
/Users/mohammadashraf/Desktop/Thesis-Best/data/processed/turkish_makam/midi/symbtr_044_ussak_pesrev.mid,138.89,298,2.146,67,83,16,72.7,96.0,0.443,2.8066,1,symbtr_044_ussak_pesrev.mid,ussak,turkish_makam
/Users/mohammadashraf/Desktop/Thesis-Best/data/processed/turkish_makam/midi/symbtr_045_nihavent_sarki.mid,174.56,326,1.868,67,82,15,74.0,96.0,0.511,2.683,1,symbtr_045_nihavent_sarki.mid,nihavent,turkish_makam
/Users/mohammadashraf/Desktop/Thesis-Best/data/processed/turkish_makam/midi/symbtr_046_nihavent_sarki.mid,259.23,520,2.006,66,84,18,74.0,96.0,0.477,3.0523,1,symbtr_046_nihavent_sarki.mid,nihavent,turkish_makam
/Users/mohammadashraf/Desktop/Thesis-Best/data/processed/turkish_makam/midi/symbtr_047_hisarbuselik_aranagme.mid,39.92,82,2.054,64,81,17,71.3,95.0,0.43,2.8271,1,symbtr_047_hisarbuselik_aranagme.mid,hisarbuselik,turkish_makam
/Users/mohammadashraf/Desktop/Thesis-Best/data/processed/turkish_makam/midi/symbtr_048_suzinak_zirgule_sarki.mid,144.93,394,2.719,67,84,17,73.8,95.5,0.354,2.8667,1,symbtr_048_suzinak_zirgule_sarki.mid,suzinak,turkish_makam
/Users/mohammadashraf/Desktop/Thesis-Best/data/processed/turkish_makam/midi/symbtr_049_ferahfeza_beste.mid,342.12,751,2.195,61,84,23,72.8,96.0,0.446,3.1441,1,symbtr_049_ferahfeza_beste.mid,ferahfeza,turkish_makam
/Users/mohammadashraf/Desktop/Thesis-Best/data/processed/turkish_makam/midi/symbtr_050_bendihisar_kupe.mid,47.85,79,1.651,61,83,22,73.4,96.0,0.588,3.1695,1,symbtr_050_bendihisar_kupe.mid,bendihisar,turkish_makam
/Users/mohammadashraf/Desktop/Thesis-Best/data/processed/turkish_makam/midi/symbtr_051_nihavendirumi_kupe.mid,65.76,125,1.901,62,82,20,72.2,96.0,0.514,2.9344,1,symbtr_051_nihavendirumi_kupe.mid,nihavendirumi,turkish_makam
/Users/mohammadashraf/Desktop/Thesis-Best/data/processed/turkish_makam/midi/symbtr_052_muhayyer_turku.mid,198.76,754,3.794,69,83,14,74.3,96.0,0.254,2.6427,1,symbtr_052_muhayyer_turku.mid,muhayyer,turkish_makam
/Users/mohammadashraf/Desktop/Thesis-Best/data/processed/turkish_makam/midi/symbtr_053_muhayyersunbule_sarki.mid,185.44,335,1.807,67,86,19,77.4,96.0,0.541,2.9446,1,symbtr_053_muhayyersunbule_sarki.mid,muhayyersunbule,turkish_makam
/Users/mohammadashraf/Desktop/Thesis-Best/data/processed/turkish_makam/midi/symbtr_054_sevkefza_sarki.mid,208.57,375,1.798,64,84,20,73.1,96.0,0.532,3.0668,1,symbtr_054_sevkefza_sarki.mid,sevkefza,turkish_makam
/Users/mohammadashraf/Desktop/Thesis-Best/data/processed/turkish_makam/midi/symbtr_055_acem_ilahi.mid,91.36,258,2.824,67,81,14,74.3,96.0,0.344,2.6473,1,symbtr_055_acem_ilahi.mid,acem,turkish_makam
/Users/mohammadashraf/Desktop/Thesis-Best/data/processed/turkish_makam/midi/symbtr_056_ruyidilara_sazsemaisi.mid,179.48,414,2.307,62,86,24,75.6,96.0,0.412,2.9456,1,symbtr_056_ruyidilara_sazsemaisi.mid,ruyidilara,turkish_makam
/Users/mohammadashraf/Desktop/Thesis-Best/data/processed/turkish_makam/midi/symbtr_057_hicaz_sarki.mid,152.68,374,2.45,69,81,12,74.8,96.2,0.389,2.7006,1,symbtr_057_hicaz_sarki.mid,hicaz,turkish_makam
/Users/mohammadashraf/Desktop/Thesis-Best/data/processed/turkish_makam/midi/symbtr_058_muhayyer_sazsemaisi.mid,227.63,812,3.567,67,86,19,76.4,96.0,0.26,3.0004,1,symbtr_058_muhayyer_sazsemaisi.mid,muhayyer,turkish_makam
/Users/mohammadashraf/Desktop/Thesis-Best/data/processed/turkish_makam/midi/symbtr_059_huseyni_sarki.mid,254.89,592,2.323,69,83,14,73.9,96.0,0.414,2.712,1,symbtr_059_huseyni_sarki.mid,huseyni,turkish_makam
/Users/mohammadashraf/Desktop/Thesis-Best/data/processed/turkish_makam/midi/symbtr_060_segah_turku.mid,182.83,456,2.494,71,81,10,76.0,96.0,0.385,2.8489,1,symbtr_060_segah_turku.mid,segah,turkish_makam
/Users/mohammadashraf/Desktop/Thesis-Best/data/processed/turkish_makam/midi/symbtr_061_mahur_sarki.mid,260.39,482,1.851,66,84,18,75.8,96.0,0.521,3.0799,1,symbtr_061_mahur_sarki.mid,mahur,turkish_makam
/Users/mohammadashraf/Desktop/Thesis-Best/data/processed/turkish_makam/midi/symbtr_062_nihavent_sarki.mid,289.9,495,1.707,62,86,24,74.9,96.0,0.535,3.0585,1,symbtr_062_nihavent_sarki.mid,nihavent,turkish_makam
/Users/mohammadashraf/Desktop/Thesis-Best/data/processed/turkish_makam/midi/symbtr_063_arazbar_seyir.mid,63.9,112,1.753,67,84,17,76.5,96.0,0.543,3.2671,1,symbtr_063_arazbar_seyir.mid,arazbar,turkish_makam
/Users/mohammadashraf/Desktop/Thesis-Best/data/processed/turkish_makam/midi/symbtr_064_gerdaniye_turku.mid,190.51,416,2.184,67,81,14,73.1,96.0,0.439,2.7075,1,symbtr_064_gerdaniye_turku.mid,gerdaniye,turkish_makam
/Users/mohammadashraf/Desktop/Thesis-Best/data/processed/turkish_makam/midi/symbtr_065_mahur_tavsanca.mid,172.64,405,2.346,66,84,18,75.4,96.0,0.397,2.9576,1,symbtr_065_mahur_tavsanca.mid,mahur,turkish_makam
/Users/mohammadashraf/Desktop/Thesis-Best/data/processed/turkish_makam/midi/symbtr_066_nihavent_sarki.mid,163.09,366,2.244,66,86,20,75.0,95.4,0.426,2.9808,1,symbtr_066_nihavent_sarki.mid,nihavent,turkish_makam
/Users/mohammadashraf/Desktop/Thesis-Best/data/processed/turkish_makam/midi/symbtr_067_peykinesat_pesrev.mid,146.02,296,2.027,62,84,22,72.1,96.0,0.469,2.9105,1,symbtr_067_peykinesat_pesrev.mid,peykinesat,turkish_makam
/Users/mohammadashraf/Desktop/Thesis-Best/data/processed/turkish_makam/midi/symbtr_068_kurdilihicazkar_sarki.mid,161.79,396,2.448,64,86,22,75.0,96.0,0.393,3.0409,1,symbtr_068_kurdilihicazkar_sarki.mid,kurdilihicazkar,turkish_makam
/Users/mohammadashraf/Desktop/Thesis-Best/data/processed/turkish_makam/midi/symbtr_069_nihavent_sarki.mid,142.4,268,1.882,66,82,16,73.3,96.0,0.518,2.8742,1,symbtr_069_nihavent_sarki.mid,nihavent,turkish_makam
/Users/mohammadashraf/Desktop/Thesis-Best/data/processed/turkish_makam/midi/symbtr_070_hicaz_mandra.mid,68.03,366,5.38,67,83,16,72.9,96.0,0.165,2.839,1,symbtr_070_hicaz_mandra.mid,hicaz,turkish_makam
/Users/mohammadashraf/Desktop/Thesis-Best/data/processed/turkish_makam/midi/symbtr_071_nihavendikebir_seyir.mid,63.9,79,1.236,66,81,15,72.6,96.0,0.77,3.2301,1,symbtr_071_nihavendikebir_seyir.mid,nihavendikebir,turkish_makam
/Users/mohammadashraf/Desktop/Thesis-Best/data/processed/turkish_makam/midi/symbtr_072_huseyni_agirsemai.mid,0.0,0,0.0,0,0,0,0.0,0.0,0.0,-0.0,0,symbtr_072_huseyni_agirsemai.mid,huseyni,turkish_makam
/Users/mohammadashraf/Desktop/Thesis-Best/data/processed/turkish_makam/midi/symbtr_073_acemasiran_sarki.mid,310.15,607,1.957,64,82,18,73.1,91.6,0.487,3.0041,1,symbtr_073_acemasiran_sarki.mid,acemasiran,turkish_makam
/Users/mohammadashraf/Desktop/Thesis-Best/data/processed/turkish_makam/midi/symbtr_074_rast_sarki.mid,188.18,472,2.508,62,79,17,71.3,96.0,0.381,2.656,1,symbtr_074_rast_sarki.mid,rast,turkish_makam
/Users/mohammadashraf/Desktop/Thesis-Best/data/processed/turkish_makam/midi/symbtr_075_nihavent_longa.mid,89.96,448,4.98,62,84,22,74.1,97.0,0.191,2.9666,1,symbtr_075_nihavent_longa.mid,nihavent,turkish_makam
/Users/mohammadashraf/Desktop/Thesis-Best/data/processed/turkish_makam/midi/symbtr_076_revnaknuma_kupe.mid,59.87,88,1.47,66,79,13,72.5,96.0,0.649,2.9182,1,symbtr_076_revnaknuma_kupe.mid,revnaknuma,turkish_makam
/Users/mohammadashraf/Desktop/Thesis-Best/data/processed/turkish_makam/midi/symbtr_077_sabaasiran_seyir.mid,79.9,109,1.364,62,80,18,70.9,96.0,0.697,3.164,1,symbtr_077_sabaasiran_seyir.mid,sabaasiran,turkish_makam
/Users/mohammadashraf/Desktop/Thesis-Best/data/processed/turkish_makam/midi/symbtr_078_kucek_kupe.mid,67.26,88,1.308,67,80,13,73.4,96.0,0.731,3.0992,1,symbtr_078_kucek_kupe.mid,kucek,turkish_makam
/Users/mohammadashraf/Desktop/Thesis-Best/data/processed/turkish_makam/midi/symbtr_079_huseyni_turku.mid,73.24,123,1.679,69,78,9,73.3,96.0,0.569,2.4049,1,symbtr_079_huseyni_turku.mid,huseyni,turkish_makam
/Users/mohammadashraf/Desktop/Thesis-Best/data/processed/turkish_makam/midi/symbtr_080_hicazkar_sarki.mid,260.39,516,1.982,63,84,21,74.2,96.0,0.475,3.135,1,symbtr_080_hicazkar_sarki.mid,hicazkar,turkish_makam
/Users/mohammadashraf/Desktop/Thesis-Best/data/processed/turkish_makam/midi/symbtr_081_buselik_aranagme.mid,35.77,78,2.18,68,81,13,74.5,96.0,0.436,2.7865,1,symbtr_081_buselik_aranagme.mid,buselik,turkish_makam
/Users/mohammadashraf/Desktop/Thesis-Best/data/processed/turkish_makam/midi/symbtr_082_tarzinevin_seyir.mid,63.8,81,1.27,65,84,19,74.0,96.0,0.751,3.0325,1,symbtr_082_tarzinevin_seyir.mid,tarzinevin,turkish_makam
/Users/mohammadashraf/Desktop/Thesis-Best/data/processed/turkish_makam/midi/symbtr_083_acemasiran_aranagme.mid,42.53,74,1.74,69,82,13,76.0,96.0,0.539,2.641,1,symbtr_083_acemasiran_aranagme.mid,acemasiran,turkish_makam
/Users/mohammadashraf/Desktop/Thesis-Best/data/processed/turkish_makam/midi/symbtr_084_hicazasiran_beste.mid,322.18,629,1.952,62,83,21,71.6,96.0,0.497,3.1843,1,symbtr_084_hicazasiran_beste.mid,hicazasiran,turkish_makam
/Users/mohammadashraf/Desktop/Thesis-Best/data/processed/turkish_makam/midi/symbtr_085_kurdilihicazkar_kupe.mid,65.8,119,1.808,67,86,19,76.2,96.0,0.54,3.103,1,symbtr_085_kurdilihicazkar_kupe.mid,kurdilihicazkar,turkish_makam
/Users/mohammadashraf/Desktop/Thesis-Best/data/processed/turkish_makam/midi/symbtr_086_nihavent_sazeseri.mid,87.95,517,5.878,62,91,29,75.9,90.0,0.162,2.9721,1,symbtr_086_nihavent_sazeseri.mid,nihavent,turkish_makam
/Users/mohammadashraf/Desktop/Thesis-Best/data/processed/turkish_makam/midi/symbtr_087_dugah_maye_kupe.mid,67.26,86,1.279,66,77,11,71.4,96.0,0.746,2.6005,1,symbtr_087_dugah_maye_kupe.mid,dugah,turkish_makam
/Users/mohammadashraf/Desktop/Thesis-Best/data/processed/turkish_makam/midi/symbtr_088_hicazkar_kocekce.mid,114.17,329,2.882,67,84,17,75.0,96.0,0.335,3.2662,1,symbtr_088_hicazkar_kocekce.mid,hicazkar,turkish_makam
/Users/mohammadashraf/Desktop/Thesis-Best/data/processed/turkish_makam/midi/symbtr_089_serefnuma_sazsemaisi.mid,230.06,576,2.504,61,86,25,69.5,96.0,0.38,3.0517,1,symbtr_089_serefnuma_sazsemaisi.mid,serefnuma,turkish_makam
/Users/mohammadashraf/Desktop/Thesis-Best/data/processed/turkish_makam/midi/symbtr_090_vecdidil_pesrev.mid,349.12,800,2.292,60,86,26,72.6,95.7,0.415,3.327,1,symbtr_090_vecdidil_pesrev.mid,vecdidil,turkish_makam
/Users/mohammadashraf/Desktop/Thesis-Best/data/processed/turkish_makam/midi/symbtr_091_beyati_turku.mid,161.81,397,2.453,62,76,14,72.3,96.0,0.388,2.2143,1,symbtr_091_beyati_turku.mid,beyati,turkish_makam
/Users/mohammadashraf/Desktop/Thesis-Best/data/processed/turkish_makam/midi/symbtr_092_hicaz_zemzeme_sarki.mid,106.45,201,1.888,62,79,17,70.3,96.0,0.509,2.9906,1,symbtr_092_hicaz_zemzeme_sarki.mid,hicaz,turkish_makam
/Users/mohammadashraf/Desktop/Thesis-Best/data/processed/turkish_makam/midi/symbtr_093_mustear_kupe.mid,68.52,127,1.854,67,79,12,73.6,96.0,0.526,2.791,1,symbtr_093_mustear_kupe.mid,mustear,turkish_makam
/Users/mohammadashraf/Desktop/Thesis-Best/data/processed/turkish_makam/midi/symbtr_094_huzzam_agirsemai.mid,200.22,422,2.108,70,84,14,75.8,96.0,0.462,2.9242,1,symbtr_094_huzzam_agirsemai.mid,huzzam,turkish_makam
/Users/mohammadashraf/Desktop/Thesis-Best/data/processed/turkish_makam/midi/symbtr_095_karcigar_seyir.mid,47.92,75,1.565,69,81,12,74.4,96.0,0.608,2.9045,1,symbtr_095_karcigar_seyir.mid,karcigar,turkish_makam
/Users/mohammadashraf/Desktop/Thesis-Best/data/processed/turkish_makam/midi/symbtr_096_selmek_sazsemaisi.mid,142.33,311,2.185,66,82,16,72.7,96.0,0.435,2.8364,1,symbtr_096_selmek_sazsemaisi.mid,selmek,turkish_makam
/Users/mohammadashraf/Desktop/Thesis-Best/data/processed/turkish_makam/midi/symbtr_097_rast_kar_i_nev.mid,220.12,393,1.785,62,81,19,70.3,97.3,0.505,2.9079,1,symbtr_097_rast_kar_i_nev.mid,rast,turkish_makam
/Users/mohammadashraf/Desktop/Thesis-Best/data/processed/turkish_makam/midi/symbtr_098_zavil_turku.mid,107.98,298,2.76,62,81,19,73.4,96.0,0.313,3.1081,1,symbtr_098_zavil_turku.mid,zavil,turkish_makam
/Users/mohammadashraf/Desktop/Thesis-Best/data/processed/turkish_makam/midi/symbtr_099_buselik_sarki.mid,0.0,0,0.0,0,0,0,0.0,0.0,0.0,-0.0,0,symbtr_099_buselik_sarki.mid,buselik,turkish_makam
/Users/mohammadashraf/Desktop/Thesis-Best/data/processed/turkish_makam/midi/symbtr_100_segah_sarki.mid,158.28,340,2.148,67,81,14,73.6,96.0,0.451,2.9886,1,symbtr_100_segah_sarki.mid,segah,turkish_makam
/Users/mohammadashraf/Desktop/Thesis-Best/data/processed/turkish_makam/midi/symbtr_101_beyati_turku.mid,139.9,306,2.187,69,81,12,73.2,96.0,0.444,2.6497,1,symbtr_101_beyati_turku.mid,beyati,turkish_makam
/Users/mohammadashraf/Desktop/Thesis-Best/data/processed/turkish_makam/midi/symbtr_102_goncairana_kupe.mid,39.91,72,1.804,69,81,12,74.6,96.0,0.537,2.5528,1,symbtr_102_goncairana_kupe.mid,goncairana,turkish_makam
/Users/mohammadashraf/Desktop/Thesis-Best/data/processed/turkish_makam/midi/symbtr_103_reyya_sarki.mid,192.29,381,1.981,61,80,19,70.0,96.0,0.483,3.068,1,symbtr_103_reyya_sarki.mid,reyya,turkish_makam
/Users/mohammadashraf/Desktop/Thesis-Best/data/processed/turkish_makam/midi/symbtr_104_beyati_arabanbuselik_kupe.mid,71.85,103,1.434,68,84,16,76.5,96.0,0.679,3.0267,1,symbtr_104_beyati_arabanbuselik_kupe.mid,beyati,turkish_makam
/Users/mohammadashraf/Desktop/Thesis-Best/data/processed/turkish_makam/midi/symbtr_105_ussak_yuruksemai.mid,340.89,625,1.833,66,81,15,73.6,96.0,0.498,2.9561,1,symbtr_105_ussak_yuruksemai.mid,ussak,turkish_makam
/Users/mohammadashraf/Desktop/Thesis-Best/data/processed/turkish_makam/midi/symbtr_106_maveraunnehr_kupe.mid,65.76,123,1.87,66,79,13,72.0,96.0,0.522,3.1011,1,symbtr_106_maveraunnehr_kupe.mid,maveraunnehr,turkish_makam
/Users/mohammadashraf/Desktop/Thesis-Best/data/processed/turkish_makam/midi/symbtr_107_mahur_mars.mid,222.96,769,3.449,66,84,18,75.2,95.0,0.262,2.9888,1,symbtr_107_mahur_mars.mid,mahur,turkish_makam
/Users/mohammadashraf/Desktop/Thesis-Best/data/processed/turkish_makam/midi/symbtr_108_pencgah_seyir.mid,47.92,77,1.607,67,79,12,72.7,96.0,0.592,2.7427,1,symbtr_108_pencgah_seyir.mid,pencgah,turkish_makam
/Users/mohammadashraf/Desktop/Thesis-Best/data/processed/turkish_makam/midi/symbtr_109_neveser_kupe.mid,65.84,128,1.944,66,82,16,74.1,96.0,0.503,2.8636,1,symbtr_109_neveser_kupe.mid,neveser,turkish_makam
/Users/mohammadashraf/Desktop/Thesis-Best/data/processed/turkish_makam/midi/symbtr_110_dilkusa_sazsemaisi.mid,220.77,422,1.911,64,86,22,75.1,96.0,0.497,2.9601,1,symbtr_110_dilkusa_sazsemaisi.mid,dilkusa,turkish_makam
/Users/mohammadashraf/Desktop/Thesis-Best/data/processed/turkish_makam/midi/symbtr_111_kurdi_gerdaniye_kupe.mid,40.02,73,1.824,67,84,17,75.7,96.0,0.53,2.9065,1,symbtr_111_kurdi_gerdaniye_kupe.mid,kurdi,turkish_makam
/Users/mohammadashraf/Desktop/Thesis-Best/data/processed/turkish_makam/midi/symbtr_112_muhayyer_murabba.mid,0.0,0,0.0,0,0,0,0.0,0.0,0.0,-0.0,0,symbtr_112_muhayyer_murabba.mid,muhayyer,turkish_makam
/Users/mohammadashraf/Desktop/Thesis-Best/data/processed/turkish_makam/midi/symbtr_113_mahurbuselik_kupe.mid,71.97,95,1.32,67,84,17,75.9,96.0,0.737,2.8461,1,symbtr_113_mahurbuselik_kupe.mid,mahurbuselik,turkish_makam
/Users/mohammadashraf/Desktop/Thesis-Best/data/processed/turkish_makam/midi/symbtr_114_karcigar_kupe.mid,67.39,97,1.439,69,82,13,74.4,96.0,0.665,2.9765,1,symbtr_114_karcigar_kupe.mid,karcigar,turkish_makam
/Users/mohammadashraf/Desktop/Thesis-Best/data/processed/turkish_makam/midi/symbtr_115_dilkeshaveran_kupe.mid,59.92,92,1.535,65,83,18,73.7,96.0,0.623,2.8841,1,symbtr_115_dilkeshaveran_kupe.mid,dilkeshaveran,turkish_makam
/Users/mohammadashraf/Desktop/Thesis-Best/data/processed/turkish_makam/midi/symbtr_116_karcigar_sazsemaisi.mid,331.44,1077,3.249,67,84,17,75.4,95.7,0.293,3.0552,1,symbtr_116_karcigar_sazsemaisi.mid,karcigar,turkish_makam
/Users/mohammadashraf/Desktop/Thesis-Best/data/processed/turkish_makam/midi/symbtr_117_sehnazbuselik_aranagme.mid,43.59,128,2.937,68,84,16,75.2,96.0,0.324,2.9743,1,symbtr_117_sehnazbuselik_aranagme.mid,sehnazbuselik,turkish_makam
/Users/mohammadashraf/Desktop/Thesis-Best/data/processed/turkish_makam/midi/symbtr_118_huseyni_pesrev.mid,331.78,551,1.661,67,86,19,77.7,96.0,0.556,2.9233,1,symbtr_118_huseyni_pesrev.mid,huseyni,turkish_makam
/Users/mohammadashraf/Desktop/Thesis-Best/data/processed/turkish_makam/midi/symbtr_119_muhayyerbuselik_kupe.mid,71.85,99,1.378,68,88,20,78.1,96.0,0.708,2.8702,1,symbtr_119_muhayyerbuselik_kupe.mid,muhayyerbuselik,turkish_makam
/Users/mohammadashraf/Desktop/Thesis-Best/data/processed/turkish_makam/midi/symbtr_120_hicaz_turku.mid,215.35,672,3.121,67,81,14,73.4,96.0,0.308,2.8168,1,symbtr_120_hicaz_turku.mid,hicaz,turkish_makam
/Users/mohammadashraf/Desktop/Thesis-Best/data/processed/turkish_makam/midi/symbtr_121_saba_turku.mid,113.3,316,2.789,67,77,10,71.4,96.0,0.342,2.5244,1,symbtr_121_saba_turku.mid,saba,turkish_makam
/Users/mohammadashraf/Desktop/Thesis-Best/data/processed/turkish_makam/midi/symbtr_122_mahur_pesrev.mid,196.88,407,2.067,62,84,22,75.3,94.5,0.46,2.896,1,symbtr_122_mahur_pesrev.mid,mahur,turkish_makam
/Users/mohammadashraf/Desktop/Thesis-Best/data/processed/turkish_makam/midi/symbtr_123_beyati_beste.mid,376.22,867,2.304,66,86,20,74.4,96.0,0.413,3.0113,1,symbtr_123_beyati_beste.mid,beyati,turkish_makam
/Users/mohammadashraf/Desktop/Thesis-Best/data/processed/turkish_makam/midi/symbtr_124_suzidil_agirsemai.mid,259.92,551,2.12,64,87,23,75.4,95.2,0.455,2.9666,1,symbtr_124_suzidil_agirsemai.mid,suzidil,turkish_makam
/Users/mohammadashraf/Desktop/Thesis-Best/data/processed/turkish_makam/midi/symbtr_125_tahir_turku.mid,115.83,422,3.643,69,84,15,74.4,96.0,0.262,2.5361,1,symbtr_125_tahir_turku.mid,tahir,turkish_makam
/Users/mohammadashraf/Desktop/Thesis-Best/data/processed/turkish_makam/midi/symbtr_126_hisarbuselik_turku.mid,1.98,5,2.521,73,77,4,75.2,96.0,0.389,1.9219,1,symbtr_126_hisarbuselik_turku.mid,hisarbuselik,turkish_makam
/Users/mohammadashraf/Desktop/Thesis-Best/data/processed/turkish_makam/midi/symbtr_127_buselik_murabba.mid,0.0,0,0.0,0,0,0,0.0,0.0,0.0,-0.0,0,symbtr_127_buselik_murabba.mid,buselik,turkish_makam
/Users/mohammadashraf/Desktop/Thesis-Best/data/processed/turkish_makam/midi/symbtr_128_buzurk_seyir.mid,63.8,96,1.505,64,83,19,73.2,96.0,0.633,3.0001,1,symbtr_128_buzurk_seyir.mid,buzurk,turkish_makam
/Users/mohammadashraf/Desktop/Thesis-Best/data/processed/turkish_makam/midi/symbtr_129_isfahanek_kupe.mid,67.27,96,1.427,69,84,15,75.5,96.0,0.666,3.131,1,symbtr_129_isfahanek_kupe.mid,isfahanek,turkish_makam
/Users/mohammadashraf/Desktop/Thesis-Best/data/processed/turkish_makam/midi/symbtr_130_hicaz_humayun_turku.mid,159.92,266,1.663,69,77,8,71.6,96.0,0.564,2.1109,1,symbtr_130_hicaz_humayun_turku.mid,hicaz,turkish_makam
/Users/mohammadashraf/Desktop/Thesis-Best/data/processed/turkish_makam/midi/symbtr_131_mahur_sarki.mid,0.0,0,0.0,0,0,0,0.0,0.0,0.0,-0.0,0,symbtr_131_mahur_sarki.mid,mahur,turkish_makam
/Users/mohammadashraf/Desktop/Thesis-Best/data/processed/turkish_makam/midi/symbtr_132_ussak_sarki.mid,422.85,582,1.376,62,84,22,72.6,96.0,0.654,2.9733,1,symbtr_132_ussak_sarki.mid,ussak,turkish_makam
/Users/mohammadashraf/Desktop/Thesis-Best/data/processed/turkish_makam/midi/symbtr_133_asiranmaye_kupe.mid,46.97,85,1.81,62,77,15,71.2,96.0,0.537,2.7682,1,symbtr_133_asiranmaye_kupe.mid,asiranmaye,turkish_makam
/Users/mohammadashraf/Desktop/Thesis-Best/data/processed/turkish_makam/midi/symbtr_134_gulzar_sazsemaisi.mid,394.83,1006,2.548,61,84,23,70.6,96.0,0.373,3.1331,1,symbtr_134_gulzar_sazsemaisi.mid,gulzar,turkish_makam
/Users/mohammadashraf/Desktop/Thesis-Best/data/processed/turkish_makam/midi/symbtr_135_acemasiran_aranagme.mid,65.66,148,2.254,64,88,24,77.0,95.7,0.414,2.7461,1,symbtr_135_acemasiran_aranagme.mid,acemasiran,turkish_makam
/Users/mohammadashraf/Desktop/Thesis-Best/data/processed/turkish_makam/midi/symbtr_136_muhayyerkurdi_sarki.mid,242.06,653,2.698,69,86,17,74.3,96.0,0.354,2.6442,1,symbtr_136_muhayyerkurdi_sarki.mid,muhayyerkurdi,turkish_makam
/Users/mohammadashraf/Desktop/Thesis-Best/data/processed/turkish_makam/midi/symbtr_137_nikriz_sarki.mid,139.67,559,4.002,66,82,16,73.5,96.0,0.241,2.8504,1,symbtr_137_nikriz_sarki.mid,nikriz,turkish_makam
/Users/mohammadashraf/Desktop/Thesis-Best/data/processed/turkish_makam/midi/symbtr_138_dilkeside_kupe.mid,47.85,95,1.985,61,84,23,72.8,96.0,0.492,2.9965,1,symbtr_138_dilkeside_kupe.mid,dilkeside,turkish_makam
/Users/mohammadashraf/Desktop/Thesis-Best/data/processed/turkish_makam/midi/symbtr_139_bestenigar_seyir.mid,35.92,63,1.754,66,81,15,72.9,96.0,0.543,2.7196,1,symbtr_139_bestenigar_seyir.mid,bestenigar,turkish_makam
/Users/mohammadashraf/Desktop/Thesis-Best/data/processed/turkish_makam/midi/symbtr_140_askefza_pesrev.mid,312.6,523,1.673,62,88,26,71.9,96.0,0.568,3.0103,1,symbtr_140_askefza_pesrev.mid,askefza,turkish_makam
/Users/mohammadashraf/Desktop/Thesis-Best/data/processed/turkish_makam/midi/symbtr_141_huseyni_ornek_oz.mid,15.9,19,1.195,69,81,12,76.0,96.0,0.8,2.6498,1,symbtr_141_huseyni_ornek_oz.mid,huseyni,turkish_makam
/Users/mohammadashraf/Desktop/Thesis-Best/data/processed/turkish_makam/midi/symbtr_142_hicaz_zirgule_kupe.mid,67.33,87,1.292,66,81,15,72.0,96.0,0.739,2.7454,1,symbtr_142_hicaz_zirgule_kupe.mid,hicaz,turkish_makam
/Users/mohammadashraf/Desktop/Thesis-Best/data/processed/turkish_makam/midi/symbtr_143_hicazkar_sarki.mid,163.75,339,2.07,67,84,17,76.2,96.0,0.468,3.2392,1,symbtr_143_hicazkar_sarki.mid,hicazkar,turkish_makam
/Users/mohammadashraf/Desktop/Thesis-Best/data/processed/turkish_makam/midi/symbtr_144_segah_maye_kupe.mid,68.43,102,1.491,67,79,12,72.4,96.0,0.65,2.7316,1,symbtr_144_segah_maye_kupe.mid,segah,turkish_makam
/Users/mohammadashraf/Desktop/Thesis-Best/data/processed/turkish_makam/midi/symbtr_145_hicaz_kocekce.mid,155.58,566,3.638,69,84,15,76.0,96.0,0.265,3.024,1,symbtr_145_hicaz_kocekce.mid,hicaz,turkish_makam
/Users/mohammadashraf/Desktop/Thesis-Best/data/processed/turkish_makam/midi/symbtr_146_ussak_sarki.mid,0.0,0,0.0,0,0,0,0.0,0.0,0.0,-0.0,0,symbtr_146_ussak_sarki.mid,ussak,turkish_makam
/Users/mohammadashraf/Desktop/Thesis-Best/data/processed/turkish_makam/midi/symbtr_147_ussak_beste.mid,191.3,443,2.316,64,81,17,71.7,96.0,0.39,2.9269,1,symbtr_147_ussak_beste.mid,ussak,turkish_makam
/Users/mohammadashraf/Desktop/Thesis-Best/data/processed/turkish_makam/midi/symbtr_148_nisaburek_sarki.mid,160.01,365,2.281,64,85,21,75.0,96.0,0.422,3.0826,1,symbtr_148_nisaburek_sarki.mid,nisaburek,turkish_makam
/Users/mohammadashraf/Desktop/Thesis-Best/data/processed/turkish_makam/midi/symbtr_149_dilnisin_kupe.mid,65.76,111,1.688,66,83,17,72.9,96.0,0.577,2.8933,1,symbtr_149_dilnisin_kupe.mid,dilnisin,turkish_makam
/Users/mohammadashraf/Desktop/Thesis-Best/data/processed/turkish_makam/midi/symbtr_150_sultaniyegah_aranagme.mid,42.6,78,1.831,69,79,10,74.8,96.0,0.489,2.4054,1,symbtr_150_sultaniyegah_aranagme.mid,sultaniyegah,turkish_makam
/Users/mohammadashraf/Desktop/Thesis-Best/data/processed/turkish_makam/midi/symbtr_151_huzzam_sarki.mid,80.7,158,1.958,67,84,17,74.8,96.0,0.496,2.7132,1,symbtr_151_huzzam_sarki.mid,huzzam,turkish_makam
/Users/mohammadashraf/Desktop/Thesis-Best/data/processed/turkish_makam/midi/symbtr_152_muhayyer_divan.mid,213.63,642,3.005,67,84,17,75.9,96.0,0.319,2.9315,1,symbtr_152_muhayyer_divan.mid,muhayyer,turkish_makam
/Users/mohammadashraf/Desktop/Thesis-Best/data/processed/turkish_makam/midi/symbtr_153_rastmaye_kupe.mid,65.84,123,1.868,66,82,16,72.7,96.0,0.521,2.992,1,symbtr_153_rastmaye_kupe.mid,rastmaye,turkish_makam
/Users/mohammadashraf/Desktop/Thesis-Best/data/processed/turkish_makam/midi/symbtr_154_sabazemzeme_kupe.mid,39.91,81,2.03,67,81,14,73.0,96.0,0.478,3.0689,1,symbtr_154_sabazemzeme_kupe.mid,sabazemzeme,turkish_makam
/Users/mohammadashraf/Desktop/Thesis-Best/data/processed/turkish_makam/midi/symbtr_155_rast_sarki.mid,177.75,403,2.267,62,81,19,72.6,96.0,0.422,2.8494,1,symbtr_155_rast_sarki.mid,rast,turkish_makam
/Users/mohammadashraf/Desktop/Thesis-Best/data/processed/turkish_makam/midi/symbtr_156_vechisehnaz_kupe.mid,67.26,85,1.264,69,84,15,77.0,96.0,0.756,3.2683,1,symbtr_156_vechisehnaz_kupe.mid,vechisehnaz,turkish_makam
/Users/mohammadashraf/Desktop/Thesis-Best/data/processed/turkish_makam/midi/symbtr_157_besteisfahan_kupe.mid,59.95,93,1.551,66,81,15,72.6,96.0,0.616,2.9955,1,symbtr_157_besteisfahan_kupe.mid,besteisfahan,turkish_makam
/Users/mohammadashraf/Desktop/Thesis-Best/data/processed/turkish_makam/midi/symbtr_158_muhayyerkurdi_turku.mid,119.98,416,3.467,69,82,13,74.5,95.8,0.276,2.7655,1,symbtr_158_muhayyerkurdi_turku.mid,muhayyerkurdi,turkish_makam
/Users/mohammadashraf/Desktop/Thesis-Best/data/processed/turkish_makam/midi/symbtr_159_ussak_sarki.mid,115.9,216,1.864,67,84,17,74.1,92.3,0.516,2.6729,1,symbtr_159_ussak_sarki.mid,ussak,turkish_makam
/Users/mohammadashraf/Desktop/Thesis-Best/data/processed/turkish_makam/midi/symbtr_160_rengidil_sarki.mid,84.92,140,1.649,64,85,21,72.7,96.0,0.581,2.9269,1,symbtr_160_rengidil_sarki.mid,rengidil,turkish_makam
/Users/mohammadashraf/Desktop/Thesis-Best/data/processed/turkish_makam/midi/symbtr_161_tahir_turku.mid,223.87,645,2.881,67,81,14,73.4,96.0,0.333,2.7123,1,symbtr_161_tahir_turku.mid,tahir,turkish_makam
/Users/mohammadashraf/Desktop/Thesis-Best/data/processed/turkish_makam/midi/symbtr_162_beyati_araban_ilahi.mid,213.4,516,2.418,67,84,17,76.4,96.0,0.403,3.1843,1,symbtr_162_beyati_araban_ilahi.mid,beyati,turkish_makam
/Users/mohammadashraf/Desktop/Thesis-Best/data/processed/turkish_makam/midi/symbtr_163_hicaz_turku.mid,166.19,488,2.936,67,79,12,72.6,96.0,0.327,2.633,1,symbtr_163_hicaz_turku.mid,hicaz,turkish_makam
/Users/mohammadashraf/Desktop/Thesis-Best/data/processed/turkish_makam/midi/symbtr_164_huzzam_icedid_ilahi.mid,64.71,116,1.793,62,81,19,72.6,96.0,0.538,3.0469,1,symbtr_164_huzzam_icedid_ilahi.mid,huzzam,turkish_makam
/Users/mohammadashraf/Desktop/Thesis-Best/data/processed/turkish_makam/midi/symbtr_165_saba_turku.mid,124.35,468,3.764,69,77,8,71.6,96.0,0.255,2.037,1,symbtr_165_saba_turku.mid,saba,turkish_makam
/Users/mohammadashraf/Desktop/Thesis-Best/data/processed/turkish_makam/midi/symbtr_166_murekkep_isfahan_sarki.mid,164.23,393,2.393,67,84,17,74.5,96.0,0.404,2.8888,1,symbtr_166_murekkep_isfahan_sarki.mid,murekkep,turkish_makam
/Users/mohammadashraf/Desktop/Thesis-Best/data/processed/turkish_makam/midi/symbtr_167_sipihr_kupe.mid,67.26,73,1.085,69,84,15,77.0,96.0,0.879,3.0042,1,symbtr_167_sipihr_kupe.mid,sipihr,turkish_makam
/Users/mohammadashraf/Desktop/Thesis-Best/data/processed/turkish_makam/midi/symbtr_168_muhayyer_turku.mid,190.29,450,2.365,66,84,18,76.2,96.0,0.386,2.7867,1,symbtr_168_muhayyer_turku.mid,muhayyer,turkish_makam
/Users/mohammadashraf/Desktop/Thesis-Best/data/processed/turkish_makam/midi/symbtr_169_ussak_kurthavasi.mid,58.63,128,2.183,66,79,13,72.2,96.0,0.386,2.8027,1,symbtr_169_ussak_kurthavasi.mid,ussak,turkish_makam
/Users/mohammadashraf/Desktop/Thesis-Best/data/processed/turkish_makam/midi/symbtr_170_segah_sarki.mid,179.92,428,2.379,67,84,17,76.1,95.6,0.406,3.1216,1,symbtr_170_segah_sarki.mid,segah,turkish_makam
/Users/mohammadashraf/Desktop/Thesis-Best/data/processed/turkish_makam/midi/symbtr_171_sehnaz_sarki.mid,179.95,339,1.884,68,86,18,76.9,96.0,0.518,3.1396,1,symbtr_171_sehnaz_sarki.mid,sehnaz,turkish_makam
/Users/mohammadashraf/Desktop/Thesis-Best/data/processed/turkish_makam/midi/symbtr_172_ruhnuvaz_seyir.mid,31.9,49,1.536,63,79,16,70.4,96.0,0.62,2.8589,1,symbtr_172_ruhnuvaz_seyir.mid,ruhnuvaz,turkish_makam
/Users/mohammadashraf/Desktop/Thesis-Best/data/processed/turkish_makam/midi/symbtr_173_gulizar_kocekce.mid,157.35,397,2.523,67,84,17,76.2,96.0,0.381,3.1602,1,symbtr_173_gulizar_kocekce.mid,gulizar,turkish_makam
/Users/mohammadashraf/Desktop/Thesis-Best/data/processed/turkish_makam/midi/symbtr_174_buselikasiran_seyir.mid,79.8,142,1.779,62,84,22,72.2,96.0,0.535,3.0924,1,symbtr_174_buselikasiran_seyir.mid,buselikasiran,turkish_makam
/Users/mohammadashraf/Desktop/Thesis-Best/data/processed/turkish_makam/midi/symbtr_175_hicaz_sarki.mid,173.02,458,2.647,62,83,21,73.5,96.0,0.365,3.118,1,symbtr_175_hicaz_sarki.mid,hicaz,turkish_makam
/Users/mohammadashraf/Desktop/Thesis-Best/data/processed/turkish_makam/midi/symbtr_176_rasticedid_kupe.mid,65.84,118,1.792,62,79,17,70.9,96.0,0.544,3.0539,1,symbtr_176_rasticedid_kupe.mid,rasticedid,turkish_makam
/Users/mohammadashraf/Desktop/Thesis-Best/data/processed/turkish_makam/midi/symbtr_177_nisabureyn_pesrev.mid,313.18,883,2.819,64,88,24,76.1,96.0,0.336,3.3651,1,symbtr_177_nisabureyn_pesrev.mid,nisabureyn,turkish_makam
/Users/mohammadashraf/Desktop/Thesis-Best/data/processed/turkish_makam/midi/symbtr_178_ussak_seyir.mid,26.58,53,1.994,66,81,15,72.6,96.0,0.478,2.9091,1,symbtr_178_ussak_seyir.mid,ussak,turkish_makam
/Users/mohammadashraf/Desktop/Thesis-Best/data/processed/turkish_makam/midi/symbtr_179_rahatulervah_seyir.mid,63.8,87,1.364,62,81,19,71.2,96.0,0.699,3.0613,1,symbtr_179_rahatulervah_seyir.mid,rahatulervah,turkish_makam
/Users/mohammadashraf/Desktop/Thesis-Best/data/processed/turkish_makam/midi/symbtr_180_hicaz_sarki.mid,166.79,430,2.578,67,83,16,73.2,96.0,0.378,2.9155,1,symbtr_180_hicaz_sarki.mid,hicaz,turkish_makam
/Users/mohammadashraf/Desktop/Thesis-Best/data/processed/turkish_makam/midi/symbtr_181_karcigar_sarki.mid,195.76,482,2.462,67,84,17,74.9,96.0,0.391,2.9426,1,symbtr_181_karcigar_sarki.mid,karcigar,turkish_makam
/Users/mohammadashraf/Desktop/Thesis-Best/data/processed/turkish_makam/midi/symbtr_182_ussak_sarki.mid,0.0,0,0.0,0,0,0,0.0,0.0,0.0,-0.0,0,symbtr_182_ussak_sarki.mid,ussak,turkish_makam
/Users/mohammadashraf/Desktop/Thesis-Best/data/processed/turkish_makam/midi/symbtr_183_dugah_ilahi.mid,180.17,288,1.599,65,81,16,71.4,96.0,0.611,3.1275,1,symbtr_183_dugah_ilahi.mid,dugah,turkish_makam
/Users/mohammadashraf/Desktop/Thesis-Best/data/processed/turkish_makam/midi/symbtr_184_suzinak_agirsemai.mid,170.51,467,2.739,67,84,17,74.7,96.0,0.355,2.869,1,symbtr_184_suzinak_agirsemai.mid,suzinak,turkish_makam
/Users/mohammadashraf/Desktop/Thesis-Best/data/processed/turkish_makam/midi/symbtr_185_nevabuselik_sarki.mid,127.95,312,2.438,67,81,14,72.6,96.0,0.343,2.7297,1,symbtr_185_nevabuselik_sarki.mid,nevabuselik,turkish_makam
/Users/mohammadashraf/Desktop/Thesis-Best/data/processed/turkish_makam/midi/symbtr_186_sultaniirak_kupe.mid,67.26,87,1.293,65,79,14,72.4,96.0,0.739,3.0535,1,symbtr_186_sultaniirak_kupe.mid,sultaniirak,turkish_makam
/Users/mohammadashraf/Desktop/Thesis-Best/data/processed/turkish_makam/midi/symbtr_187_muhayyerkurdi_sazsemaisi.mid,181.92,490,2.693,69,87,18,76.3,96.0,0.352,3.0114,1,symbtr_187_muhayyerkurdi_sazsemaisi.mid,muhayyerkurdi,turkish_makam
/Users/mohammadashraf/Desktop/Thesis-Best/data/processed/turkish_makam/midi/symbtr_188_segah_sarki.mid,211.12,370,1.753,67,84,17,74.8,95.8,0.548,2.9804,1,symbtr_188_segah_sarki.mid,segah,turkish_makam
/Users/mohammadashraf/Desktop/Thesis-Best/data/processed/turkish_makam/midi/symbtr_189_evic_seyir.mid,47.92,68,1.419,66,83,17,74.3,96.0,0.671,2.7146,1,symbtr_189_evic_seyir.mid,evic,turkish_makam
/Users/mohammadashraf/Desktop/Thesis-Best/data/processed/turkish_makam/midi/symbtr_190_hicaz_humayun_turku.mid,56.28,174,3.092,69,79,10,74.3,96.0,0.309,2.6403,1,symbtr_190_hicaz_humayun_turku.mid,hicaz,turkish_makam
/Users/mohammadashraf/Desktop/Thesis-Best/data/processed/turkish_makam/midi/symbtr_191_guldeste_sazsemaisi.mid,218.11,404,1.852,64,86,22,75.0,96.0,0.513,2.9287,1,symbtr_191_guldeste_sazsemaisi.mid,guldeste,turkish_makam
/Users/mohammadashraf/Desktop/Thesis-Best/data/processed/turkish_makam/midi/symbtr_192_araban_kupe.mid,39.91,79,1.98,66,84,18,75.7,96.0,0.491,2.7815,1,symbtr_192_araban_kupe.mid,araban,turkish_makam
/Users/mohammadashraf/Desktop/Thesis-Best/data/processed/turkish_makam/midi/symbtr_193_huseyni_sarki.mid,0.0,0,0.0,0,0,0,0.0,0.0,0.0,-0.0,0,symbtr_193_huseyni_sarki.mid,huseyni,turkish_makam
/Users/mohammadashraf/Desktop/Thesis-Best/data/processed/turkish_makam/midi/symbtr_194_gerdaniyebuselik_kupe.mid,71.85,97,1.35,68,84,16,75.9,96.0,0.72,2.9451,1,symbtr_194_gerdaniyebuselik_kupe.mid,gerdaniyebuselik,turkish_makam
/Users/mohammadashraf/Desktop/Thesis-Best/data/processed/turkish_makam/midi/symbtr_195_huseyni_sarki.mid,163.57,380,2.323,67,81,14,74.7,96.0,0.415,2.8439,1,symbtr_195_huseyni_sarki.mid,huseyni,turkish_makam
/Users/mohammadashraf/Desktop/Thesis-Best/data/processed/turkish_makam/midi/symbtr_196_rast_sarki.mid,139.69,344,2.463,62,81,19,72.1,96.0,0.354,2.8702,1,symbtr_196_rast_sarki.mid,rast,turkish_makam
/Users/mohammadashraf/Desktop/Thesis-Best/data/processed/turkish_makam/midi/symbtr_197_ruyiirak_sazsemaisi.mid,181.61,439,2.417,65,81,16,72.6,96.0,0.393,3.1669,1,symbtr_197_ruyiirak_sazsemaisi.mid,ruyiirak,turkish_makam
/Users/mohammadashraf/Desktop/Thesis-Best/data/processed/turkish_makam/midi/symbtr_198_neva_agirsemai.mid,0.0,0,0.0,0,0,0,0.0,0.0,0.0,-0.0,0,symbtr_198_neva_agirsemai.mid,neva,turkish_makam
/Users/mohammadashraf/Desktop/Thesis-Best/data/processed/turkish_makam/midi/symbtr_199_rast_sarki.mid,187.07,356,1.903,67,84,17,74.9,96.0,0.461,3.1043,1,symbtr_199_rast_sarki.mid,rast,turkish_makam
